symbol,direction,open_time,close_time,entry,sl,tp,exit,qty,result,pnl_usdt,pnl_r
ETH/USDT,long,2026-04-13 13:08:00+00:00,2026-04-13 13:37:00+00:00,2194.6,2188.332246,2207.135508,2188.332246,0.797734,loss,-5.0,-1.0
ETH/USDT,short,2026-04-13 13:40:00+00:00,2026-04-13 13:42:00+00:00,2184.4,2193.4386,2166.3228,2193.4386,0.550417,loss,-4.975,-1.0
ETH/USDT,long,2026-04-13 13:44:00+00:00,2026-04-13 13:44:00+00:00,2187.36,2184.073098,2193.933804,2193.933804,1.506015,win,9.9002,2.0
ETH/USDT,long,2026-04-13 13:59:00+00:00,2026-04-13 14:55:00+00:00,2208.98,2202.65938,2221.62124,2221.62124,0.791003,win,9.9993,2.0
ETH/USDT,long,2026-04-13 14:14:00+00:00,2026-04-13 14:34:00+00:00,2206.65,2202.689374,2214.571252,2214.571252,1.262332,win,9.9993,2.0
ETH/USDT,long,2026-04-13 14:36:00+00:00,2026-04-13 14:57:00+00:00,2216.07,2212.617388,2222.975224,2222.975224,1.462551,win,10.0992,2.0
ETH/USDT,long,2026-04-13 14:45:00+00:00,2026-04-13 15:00:00+00:00,2221.19,2217.85634,2227.85732,2227.85732,1.514738,win,10.0992,2.0
ETH/USDT,long,2026-04-13 14:59:00+00:00,2026-04-13 15:00:00+00:00,2223.92,2220.475816,2230.808368,2230.808368,1.495308,win,10.3002,2.0
ETH/USDT,short,2026-04-13 15:11:00+00:00,2026-04-13 15:27:00+00:00,2218.6,2222.19435,2211.4113,2211.4113,1.461213,win,10.5042,2.0
ETH/USDT,short,2026-04-13 15:39:00+00:00,2026-04-13 15:56:00+00:00,2201.7,2206.89129,2191.31742,2206.89129,1.021833,loss,-5.3046,-1.0
ETH/USDT,long,2026-04-13 16:21:00+00:00,2026-04-13 17:30:00+00:00,2219.75,2213.047302,2233.155396,2233.155396,0.787461,win,10.5562,2.0
ETH/USDT,long,2026-04-13 16:32:00+00:00,2026-04-13 16:56:00+00:00,2227.33,2223.775156,2234.439688,2223.775156,1.484766,loss,-5.2781,-1.0
ETH/USDT,long,2026-04-13 16:33:00+00:00,2026-04-13 17:30:00+00:00,2224.22,2220.0559,2232.5482,2232.5482,1.267527,win,10.5562,2.0
ETH/USDT,long,2026-04-13 17:32:00+00:00,2026-04-13 17:51:00+00:00,2237.01,2225.634784,2259.760432,2225.634784,0.470961,loss,-5.3573,-1.0
ETH/USDT,long,2026-04-13 19:28:00+00:00,2026-04-13 19:48:00+00:00,2241.09,2233.643182,2255.983636,2255.983636,0.715808,win,10.661,2.0
ETH/USDT,long,2026-04-13 19:37:00+00:00,2026-04-13 19:52:00+00:00,2246.44,2239.382034,2260.555932,2260.555932,0.755245,win,10.661,2.0
ETH/USDT,long,2026-04-13 19:47:00+00:00,2026-04-13 22:10:00+00:00,2254.36,2246.40063,2270.27874,2270.27874,0.669713,win,10.661,2.0
ETH/USDT,long,2026-04-13 19:50:00+00:00,2026-04-13 20:11:00+00:00,2259.5,2253.909128,2270.681744,2253.909128,0.962963,loss,-5.3838,-1.0
ETH/USDT,long,2026-04-13 19:58:00+00:00,2026-04-13 20:05:00+00:00,2264.43,2259.088092,2275.113816,2259.088092,1.017821,loss,-5.4371,-1.0
ETH/USDT,long,2026-04-13 22:11:00+00:00,2026-04-13 22:14:00+00:00,2268.39,2261.74756,2281.67488,2281.67488,0.81842,win,10.8726,2.0
ETH/USDT,long,2026-04-13 22:21:00+00:00,2026-04-14 09:09:00+00:00,2317.87,2281.5436,2390.5228,2390.5228,0.151148,win,10.9813,2.0
ETH/USDT,long,2026-04-13 22:32:00+00:00,2026-04-13 22:49:00+00:00,2328.53,2320.605786,2344.378428,2344.378428,0.692898,win,10.9813,2.0
ETH/USDT,long,2026-04-13 22:42:00+00:00,2026-04-13 23:20:00+00:00,2338.92,2328.054296,2360.651408,2360.651408,0.505321,win,10.9813,2.0
ETH/USDT,long,2026-04-13 22:51:00+00:00,2026-04-13 23:20:00+00:00,2345.56,2338.322242,2360.035516,2360.035516,0.766201,win,11.0912,2.0
ETH/USDT,long,2026-04-13 23:11:00+00:00,2026-04-13 23:27:00+00:00,2352.94,2343.561194,2371.697612,2371.697612,0.591288,win,11.0912,2.0
ETH/USDT,long,2026-04-13 23:21:00+00:00,2026-04-13 23:27:00+00:00,2356.74,2348.910124,2372.399752,2372.399752,0.722353,win,11.3119,2.0
ETH/USDT,long,2026-04-13 23:31:00+00:00,2026-04-14 05:13:00+00:00,2387.91,2356.218662,2451.292676,2356.218662,0.182004,loss,-5.768,-1.0
ETH/USDT,short,2026-04-13 23:50:00+00:00,2026-04-14 00:06:00+00:00,2373.88,2376.945294,2367.749412,2367.749412,1.881697,win,11.5359,2.0
ETH/USDT,long,2026-04-14 00:17:00+00:00,2026-04-14 00:34:00+00:00,2367.46,2363.807144,2374.765712,2363.807144,1.594816,loss,-5.8256,-1.0
ETH/USDT,long,2026-04-14 00:42:00+00:00,2026-04-14 00:53:00+00:00,2368.66,2362.357434,2381.265132,2362.357434,0.919706,loss,-5.7965,-1.0
ETH/USDT,long,2026-04-14 03:08:00+00:00,2026-04-14 03:17:00+00:00,2368.53,2365.466812,2374.656376,2365.466812,1.88285,loss,-5.7675,-1.0
ETH/USDT,long,2026-04-14 03:33:00+00:00,2026-04-14 05:00:00+00:00,2365.74,2362.487408,2372.245184,2362.487408,1.764342,loss,-5.7387,-1.0
ETH/USDT,long,2026-04-14 06:02:00+00:00,2026-04-14 06:49:00+00:00,2359.62,2354.548996,2369.762008,2369.762008,1.120321,win,11.3623,2.0
ETH/USDT,long,2026-04-14 08:39:00+00:00,2026-04-14 10:40:00+00:00,2388.96,2378.014302,2410.851396,2378.014302,0.524221,loss,-5.738,-1.0
ETH/USDT,long,2026-04-14 09:41:00+00:00,2026-04-14 09:53:00+00:00,2390.99,2385.57279,2401.82442,2385.57279,1.069346,loss,-5.7929,-1.0
ETH/USDT,short,2026-04-14 10:40:00+00:00,2026-04-14 10:46:00+00:00,2381.08,2384.386782,2374.466436,2374.466436,1.743056,win,11.5278,2.0
ETH/USDT,long,2026-04-14 11:52:00+00:00,2026-04-14 12:13:00+00:00,2373.9,2370.505804,2380.688392,2370.505804,1.706694,loss,-5.7929,-1.0
ETH/USDT,short,2026-04-14 12:18:00+00:00,2026-04-14 13:02:00+00:00,2372.09,2376.02511,2364.21978,2376.02511,1.464734,loss,-5.7639,-1.0
ETH/USDT,short,2026-04-14 12:48:00+00:00,2026-04-14 13:01:00+00:00,2370.98,2373.87468,2365.19064,2373.87468,1.991201,loss,-5.7639,-1.0
ETH/USDT,short,2026-04-14 14:11:00+00:00,2026-04-14 14:21:00+00:00,2381.03,2383.966698,2375.156604,2383.966698,1.943084,loss,-5.7063,-1.0
ETH/USDT,long,2026-04-14 14:28:00+00:00,2026-04-14 14:33:00+00:00,2389.98,2384.313042,2401.313916,2384.313042,1.001899,loss,-5.6777,-1.0
ETH/USDT,short,2026-04-14 14:39:00+00:00,2026-04-14 14:47:00+00:00,2384.07,2391.058116,2370.093768,2370.093768,0.80842,win,11.2987,2.0
ETH/USDT,short,2026-04-14 15:24:00+00:00,2026-04-14 15:28:00+00:00,2345.08,2351.750256,2331.739488,2351.750256,0.855413,loss,-5.7058,-1.0
ETH/USDT,long,2026-04-14 15:52:00+00:00,2026-04-14 16:12:00+00:00,2368.6,2361.407624,2382.984752,2361.407624,0.789349,loss,-5.6773,-1.0
ETH/USDT,short,2026-04-14 16:01:00+00:00,2026-04-14 16:03:00+00:00,2363.61,2367.363378,2356.103244,2367.363378,1.512583,loss,-5.6773,-1.0
ETH/USDT,short,2026-04-14 16:22:00+00:00,2026-04-14 16:28:00+00:00,2354.58,2359.37178,2344.99644,2359.37178,1.172951,loss,-5.6205,-1.0
ETH/USDT,short,2026-04-14 16:53:00+00:00,2026-04-14 17:01:00+00:00,2343.11,2347.799466,2333.731068,2333.731068,1.192549,win,11.1848,2.0
ETH/USDT,short,2026-04-14 16:56:00+00:00,2026-04-14 17:21:00+00:00,2338.16,2342.278362,2329.923276,2342.278362,1.357923,loss,-5.5924,-1.0
ETH/USDT,short,2026-04-14 17:04:00+00:00,2026-04-14 17:15:00+00:00,2333.78,2338.577622,2324.184756,2338.577622,1.177322,loss,-5.6483,-1.0
ETH/USDT,short,2026-04-14 17:33:00+00:00,2026-04-14 18:04:00+00:00,2335.53,2340.157938,2326.274124,2340.157938,1.208344,loss,-5.5921,-1.0
ETH/USDT,short,2026-04-14 17:35:00+00:00,2026-04-14 17:55:00+00:00,2332.08,2335.997106,2324.245788,2335.997106,1.42762,loss,-5.5921,-1.0
ETH/USDT,long,2026-04-14 17:57:00+00:00,2026-04-14 18:35:00+00:00,2336.11,2332.18347,2343.96306,2332.18347,1.417073,loss,-5.5642,-1.0
ETH/USDT,short,2026-04-14 18:15:00+00:00,2026-04-14 18:35:00+00:00,2338.54,2342.158338,2331.303324,2331.303324,1.530045,win,11.0724,2.0
ETH/USDT,short,2026-04-14 18:23:00+00:00,2026-04-14 18:39:00+00:00,2335.24,2338.487604,2328.744792,2328.744792,1.704709,win,11.0724,2.0
ETH/USDT,short,2026-04-14 18:41:00+00:00,2026-04-14 18:49:00+00:00,2325.78,2331.586224,2314.167552,2314.167552,0.967776,win,11.2382,2.0
ETH/USDT,short,2026-04-14 18:51:00+00:00,2026-04-15 00:07:00+00:00,2312.17,2326.785264,2282.939472,2326.785264,0.388314,loss,-5.6753,-1.0
ETH/USDT,long,2026-04-14 18:53:00+00:00,2026-04-14 19:00:00+00:00,2315.46,2311.557596,2323.264808,2311.557596,1.454312,loss,-5.6753,-1.0
ETH/USDT,long,2026-04-14 19:22:00+00:00,2026-04-14 19:25:00+00:00,2316.9,2312.867334,2324.965332,2312.867334,1.400299,loss,-5.6469,-1.0
ETH/USDT,short,2026-04-14 19:30:00+00:00,2026-04-14 20:36:00+00:00,2316.35,2320.41399,2308.22202,2308.22202,1.382558,win,11.2374,2.0
ETH/USDT,short,2026-04-14 20:19:00+00:00,2026-04-14 20:24:00+00:00,2315.26,2318.133534,2309.512932,2309.512932,1.955328,win,11.2374,2.0
ETH/USDT,short,2026-04-14 20:24:00+00:00,2026-04-14 21:03:00+00:00,2312.29,2315.873082,2305.123836,2315.873082,1.56812,loss,-5.6187,-1.0
ETH/USDT,short,2026-04-14 20:38:00+00:00,2026-04-14 20:42:00+00:00,2308.66,2311.482204,2303.015592,2311.482204,2.030709,loss,-5.7311,-1.0
ETH/USDT,long,2026-04-14 21:02:00+00:00,2026-04-14 21:53:00+00:00,2314.76,2311.357636,2321.564728,2321.564728,1.676017,win,11.4048,2.0
ETH/USDT,short,2026-04-14 22:22:00+00:00,2026-04-14 22:32:00+00:00,2317.07,2321.294166,2308.621668,2321.294166,1.356801,loss,-5.7314,-1.0
ETH/USDT,long,2026-04-14 22:34:00+00:00,2026-04-14 22:43:00+00:00,2316.16,2311.98751,2324.50498,2311.98751,1.366737,loss,-5.7027,-1.0
ETH/USDT,short,2026-04-14 23:54:00+00:00,2026-04-15 00:01:00+00:00,2319.69,2323.224552,2312.620896,2323.224552,1.605347,loss,-5.6742,-1.0
ETH/USDT,long,2026-04-15 00:03:00+00:00,2026-04-15 00:08:00+00:00,2324.76,2320.815744,2332.648512,2332.648512,1.431401,win,11.2916,2.0
ETH/USDT,long,2026-04-15 00:11:00+00:00,2026-04-15 02:30:00+00:00,2338.31,2324.215064,2366.499872,2324.215064,0.402548,loss,-5.6739,-1.0
ETH/USDT,short,2026-04-15 00:20:00+00:00,2026-04-15 00:28:00+00:00,2331.34,2334.9669,2324.0862,2334.9669,1.564392,loss,-5.6739,-1.0
ETH/USDT,short,2026-04-15 01:55:00+00:00,2026-04-15 02:30:00+00:00,2333.81,2338.607628,2324.214744,2324.214744,1.176732,win,11.291,2.0
ETH/USDT,short,2026-04-15 02:37:00+00:00,2026-04-15 03:27:00+00:00,2318.05,2325.925092,2302.299816,2325.925092,0.72045,loss,-5.6736,-1.0
ETH/USDT,long,2026-04-15 03:25:00+00:00,2026-04-15 04:53:00+00:00,2325.4,2321.725562,2332.748876,2332.748876,1.544075,win,11.3472,2.0
ETH/USDT,short,2026-04-15 03:47:00+00:00,2026-04-15 03:58:00+00:00,2323.98,2327.4654,2317.0092,2327.4654,1.619682,loss,-5.6452,-1.0
ETH/USDT,short,2026-04-15 04:22:00+00:00,2026-04-15 04:53:00+00:00,2328.03,2331.91629,2320.25742,2331.91629,1.445341,loss,-5.617,-1.0
ETH/USDT,long,2026-04-15 04:37:00+00:00,2026-04-15 05:22:00+00:00,2330.57,2327.18447,2337.34106,2327.18447,1.659124,loss,-5.617,-1.0
ETH/USDT,short,2026-04-15 05:11:00+00:00,2026-04-15 05:27:00+00:00,2329.75,2333.836674,2321.576652,2321.576652,1.381482,win,11.2913,2.0
ETH/USDT,short,2026-04-15 05:29:00+00:00,2026-04-15 07:18:00+00:00,2320.59,2323.66464,2314.44072,2314.44072,1.845431,win,11.3481,2.0
ETH/USDT,short,2026-04-15 06:05:00+00:00,2026-04-15 07:11:00+00:00,2315.86,2319.883884,2307.812232,2319.883884,1.41009,loss,-5.674,-1.0
ETH/USDT,long,2026-04-15 07:14:00+00:00,2026-04-15 07:18:00+00:00,2320.91,2317.066494,2328.597012,2317.066494,1.468885,loss,-5.6457,-1.0
ETH/USDT,short,2026-04-15 07:20:00+00:00,2026-04-15 08:15:00+00:00,2310.91,2318.493606,2295.742788,2318.493606,0.748216,loss,-5.6742,-1.0
ETH/USDT,long,2026-04-15 07:53:00+00:00,2026-04-15 08:28:00+00:00,2315.61,2312.307446,2322.215108,2322.215108,1.718118,win,11.3484,2.0
ETH/USDT,long,2026-04-15 08:55:00+00:00,2026-04-15 09:02:00+00:00,2328.27,2324.924922,2334.960156,2324.924922,1.704758,loss,-5.7025,-1.0
ETH/USDT,long,2026-04-15 10:11:00+00:00,2026-04-15 10:15:00+00:00,2323.22,2319.845938,2329.968124,2319.845938,1.681663,loss,-5.674,-1.0
ETH/USDT,long,2026-04-15 10:45:00+00:00,2026-04-15 10:47:00+00:00,2318.41,2315.396828,2324.436344,2324.436344,1.873662,win,11.2913,2.0
ETH/USDT,long,2026-04-15 10:47:00+00:00,2026-04-15 10:58:00+00:00,2323.41,2317.946318,2334.337364,2317.946318,1.033308,loss,-5.6457,-1.0
ETH/USDT,long,2026-04-15 11:49:00+00:00,2026-04-15 13:23:00+00:00,2331.76,2327.504406,2340.271188,2327.504406,1.333279,loss,-5.6739,-1.0
ETH/USDT,short,2026-04-15 12:07:00+00:00,2026-04-15 12:39:00+00:00,2332.8,2336.537214,2325.325572,2336.537214,1.518215,loss,-5.6739,-1.0
ETH/USDT,short,2026-04-15 13:04:00+00:00,2026-04-15 13:44:00+00:00,2329.51,2332.71645,2323.0971,2323.0971,1.760678,win,11.2911,2.0
ETH/USDT,long,2026-04-15 13:35:00+00:00,2026-04-15 13:36:00+00:00,2329.59,2324.704966,2339.360068,2324.704966,1.14987,loss,-5.6172,-1.0
ETH/USDT,short,2026-04-15 13:36:00+00:00,2026-04-15 13:48:00+00:00,2326.5,2330.606028,2318.287944,2318.287944,1.368027,win,11.2343,2.0
ETH/USDT,short,2026-04-15 13:39:00+00:00,2026-04-15 14:16:00+00:00,2326.15,2330.606028,2317.237944,2330.606028,1.254272,loss,-5.5891,-1.0
ETH/USDT,long,2026-04-15 14:52:00+00:00,2026-04-15 15:10:00+00:00,2336.99,2332.98331,2345.00338,2332.98331,1.41607,loss,-5.6738,-1.0
ETH/USDT,long,2026-04-15 15:04:00+00:00,2026-04-15 15:08:00+00:00,2341.03,2336.412624,2350.264752,2336.412624,1.228783,loss,-5.6738,-1.0
ETH/USDT,long,2026-04-15 15:10:00+00:00,2026-04-15 15:31:00+00:00,2333.45,2329.104086,2342.141828,2329.104086,1.299009,loss,-5.6454,-1.0
ETH/USDT,long,2026-04-15 15:24:00+00:00,2026-04-15 15:30:00+00:00,2336.04,2332.053496,2344.013008,2332.053496,1.409008,loss,-5.617,-1.0
ETH/USDT,short,2026-04-15 15:35:00+00:00,2026-04-15 16:14:00+00:00,2322.6,2338.477602,2290.844796,2338.477602,0.350223,loss,-5.5607,-1.0
ETH/USDT,long,2026-04-15 15:55:00+00:00,2026-04-15 16:15:00+00:00,2329.98,2324.23506,2341.46988,2341.46988,0.96793,win,11.1214,2.0
ETH/USDT,long,2026-04-15 16:04:00+00:00,2026-04-15 17:29:00+00:00,2335.2,2328.364234,2348.871532,2348.871532,0.813472,win,11.1214,2.0
ETH/USDT,long,2026-04-15 16:39:00+00:00,2026-04-15 16:46:00+00:00,2344.34,2340.93172,2351.15656,2340.93172,1.639685,loss,-5.5885,-1.0
ETH/USDT,short,2026-04-15 16:49:00+00:00,2026-04-15 17:03:00+00:00,2337.51,2343.598626,2325.332748,2343.598626,0.913271,loss,-5.5606,-1.0
ETH/USDT,long,2026-04-15 17:31:00+00:00,2026-04-15 17:40:00+00:00,2351.31,2347.150476,2359.629048,2347.150476,1.343511,loss,-5.5884,-1.0
ETH/USDT,short,2026-04-15 17:35:00+00:00,2026-04-15 18:15:00+00:00,2348.69,2353.180542,2339.708916,2353.180542,1.244475,loss,-5.5884,-1.0
ETH/USDT,long,2026-04-15 17:39:00+00:00,2026-04-15 17:42:00+00:00,2347.42,2343.611184,2355.037632,2343.611184,1.467219,loss,-5.5884,-1.0
ETH/USDT,long,2026-04-15 17:42:00+00:00,2026-04-15 17:44:00+00:00,2344.08,2341.101686,2350.036628,2341.101686,1.866971,loss,-5.5604,-1.0
ETH/USDT,short,2026-04-15 19:22:00+00:00,2026-04-15 19:28:00+00:00,2361.16,2364.142734,2355.194532,2364.142734,1.836148,loss,-5.4767,-1.0
ETH/USDT,long,2026-04-15 19:39:00+00:00,2026-04-15 20:08:00+00:00,2381.64,2363.137278,2418.645444,2363.137278,0.294516,loss,-5.4494,-1.0
ETH/USDT,short,2026-04-15 20:10:00+00:00,2026-04-15 21:17:00+00:00,2362.77,2368.12353,2352.06294,2352.06294,1.01281,win,10.8442,2.0
ETH/USDT,short,2026-04-15 20:27:00+00:00,2026-04-15 20:30:00+00:00,2357.36,2360.261958,2351.556084,2360.261958,1.868431,loss,-5.4221,-1.0
ETH/USDT,long,2026-04-15 20:34:00+00:00,2026-04-15 20:40:00+00:00,2361.26,2357.248456,2369.283088,2357.248456,1.344868,loss,-5.395,-1.0
ETH/USDT,short,2026-04-15 21:03:00+00:00,2026-04-15 21:14:00+00:00,2359.09,2362.042314,2353.185372,2353.185372,1.818243,win,10.736,2.0
ETH/USDT,long,2026-04-15 22:12:00+00:00,2026-04-15 22:59:00+00:00,2374.39,2362.737358,2397.695284,2362.737358,0.46993,loss,-5.4759,-1.0
ETH/USDT,short,2026-04-15 22:57:00+00:00,2026-04-15 23:13:00+00:00,2366.57,2371.304166,2357.101668,2357.101668,1.156682,win,10.9519,2.0
ETH/USDT,short,2026-04-15 23:01:00+00:00,2026-04-15 23:16:00+00:00,2362.34,2367.043314,2352.933372,2352.933372,1.158448,win,10.8971,2.0
ETH/USDT,long,2026-04-15 23:56:00+00:00,2026-04-16 00:04:00+00:00,2359.17,2353.959114,2369.591772,2353.959114,1.066573,loss,-5.5578,-1.0
ETH/USDT,long,2026-04-16 00:32:00+00:00,2026-04-16 01:05:00+00:00,2356.12,2352.47941,2363.40118,2352.47941,1.518985,loss,-5.53,-1.0
ETH/USDT,long,2026-04-16 00:52:00+00:00,2026-04-16 01:01:00+00:00,2358.71,2355.158874,2365.812252,2355.158874,1.557253,loss,-5.53,-1.0
ETH/USDT,short,2026-04-16 01:26:00+00:00,2026-04-16 01:43:00+00:00,2349.31,2353.480602,2340.968796,2353.480602,1.312688,loss,-5.4747,-1.0
ETH/USDT,long,2026-04-16 02:03:00+00:00,2026-04-16 02:16:00+00:00,2354.09,2351.119682,2360.030636,2351.119682,1.833921,loss,-5.4473,-1.0
ETH/USDT,long,2026-04-16 02:32:00+00:00,2026-04-16 02:53:00+00:00,2359.07,2355.5288,2366.1524,2355.5288,1.53058,loss,-5.4201,-1.0
ETH/USDT,long,2026-04-16 02:42:00+00:00,2026-04-16 02:49:00+00:00,2365.08,2358.598186,2378.043628,2358.598186,0.8362,loss,-5.4201,-1.0
ETH/USDT,short,2026-04-16 02:55:00+00:00,2026-04-16 03:01:00+00:00,2354.09,2357.641434,2346.987132,2357.641434,1.510908,loss,-5.3659,-1.0
ETH/USDT,short,2026-04-16 03:12:00+00:00,2026-04-16 03:18:00+00:00,2356.4,2359.511808,2350.176384,2359.511808,1.715742,loss,-5.3391,-1.0
ETH/USDT,short,2026-04-16 07:56:00+00:00,2026-04-16 09:21:00+00:00,2338.25,2346.36918,2322.01164,2346.36918,0.654298,loss,-5.3124,-1.0
ETH/USDT,short,2026-04-16 09:01:00+00:00,2026-04-16 09:16:00+00:00,2337.39,2342.028312,2328.113376,2342.028312,1.145323,loss,-5.3124,-1.0
ETH/USDT,short,2026-04-16 10:23:00+00:00,2026-04-16 12:02:00+00:00,2332.02,2338.707648,2318.644704,2338.707648,0.786411,loss,-5.2592,-1.0
ETH/USDT,short,2026-04-16 10:50:00+00:00,2026-04-16 10:55:00+00:00,2328.45,2331.676242,2321.997516,2331.676242,1.630145,loss,-5.2592,-1.0
ETH/USDT,long,2026-04-16 11:08:00+00:00,2026-04-16 12:02:00+00:00,2330.79,2327.754356,2336.861288,2336.861288,1.723834,win,10.4659,2.0
ETH/USDT,long,2026-04-16 12:18:00+00:00,2026-04-16 12:37:00+00:00,2342.99,2337.852336,2353.265328,2337.852336,1.023613,loss,-5.259,-1.0
ETH/USDT,short,2026-04-16 12:20:00+00:00,2026-04-16 13:18:00+00:00,2341.15,2344.36878,2334.71244,2344.36878,1.633842,loss,-5.259,-1.0
ETH/USDT,long,2026-04-16 12:57:00+00:00,2026-04-16 13:27:00+00:00,2340.23,2337.172472,2346.345056,2346.345056,1.71141,win,10.4654,2.0
ETH/USDT,short,2026-04-16 13:24:00+00:00,2026-04-16 13:27:00+00:00,2343.31,2346.26916,2337.39168,2346.26916,1.759414,loss,-5.2064,-1.0
ETH/USDT,short,2026-04-16 13:41:00+00:00,2026-04-16 13:53:00+00:00,2336.41,2343.108528,2323.012944,2323.012944,0.781169,win,10.4654,2.0
ETH/USDT,short,2026-04-16 13:52:00+00:00,2026-04-16 13:53:00+00:00,2329.99,2333.076522,2323.816956,2323.816956,1.695333,win,10.4654,2.0
ETH/USDT,short,2026-04-16 14:02:00+00:00,2026-04-16 14:08:00+00:00,2301.44,2307.51141,2289.29718,2307.51141,0.879094,loss,-5.3373,-1.0
ETH/USDT,long,2026-04-16 14:15:00+00:00,2026-04-16 14:17:00+00:00,2305.75,2298.060296,2321.129408,2298.060296,0.690618,loss,-5.3107,-1.0
ETH/USDT,long,2026-04-16 14:33:00+00:00,2026-04-16 14:48:00+00:00,2297.09,2293.031302,2305.207396,2305.207396,1.301919,win,10.5682,2.0
ETH/USDT,long,2026-04-16 15:10:00+00:00,2026-04-16 16:08:00+00:00,2319.06,2307.798348,2341.583304,2341.583304,0.473904,win,10.6739,2.0
ETH/USDT,long,2026-04-16 15:38:00+00:00,2026-04-16 15:38:00+00:00,2325.86,2321.055696,2335.468608,2335.468608,1.110866,win,10.6739,2.0
ETH/USDT,long,2026-04-16 15:40:00+00:00,2026-04-16 16:33:00+00:00,2340.19,2325.33484,2369.90032,2325.33484,0.362858,loss,-5.3903,-1.0
ETH/USDT,long,2026-04-16 16:00:00+00:00,2026-04-16 16:13:00+00:00,2339.0,2335.662774,2345.674452,2335.662774,1.615206,loss,-5.3903,-1.0
ETH/USDT,short,2026-04-16 16:35:00+00:00,2026-04-16 16:35:00+00:00,2328.04,2332.276362,2319.567276,2319.567276,1.272265,win,10.7795,2.0
ETH/USDT,short,2026-04-16 16:43:00+00:00,2026-04-16 18:19:00+00:00,2320.59,2328.505608,2304.758784,2328.505608,0.687714,loss,-5.4437,-1.0
ETH/USDT,short,2026-04-16 17:16:00+00:00,2026-04-16 17:28:00+00:00,2313.44,2319.453798,2301.412404,2319.453798,0.905197,loss,-5.4437,-1.0
ETH/USDT,long,2026-04-16 17:20:00+00:00,2026-04-16 17:49:00+00:00,2316.8,2312.217464,2325.965072,2325.965072,1.187917,win,10.8873,2.0
ETH/USDT,short,2026-04-16 17:37:00+00:00,2026-04-16 17:49:00+00:00,2319.57,2324.104728,2310.500544,2324.104728,1.194438,loss,-5.4165,-1.0
ETH/USDT,long,2026-04-16 17:43:00+00:00,2026-04-16 18:41:00+00:00,2323.63,2319.416024,2332.057952,2332.057952,1.285355,win,10.8329,2.0
ETH/USDT,long,2026-04-16 18:05:00+00:00,2026-04-16 18:50:00+00:00,2324.54,2319.915924,2333.788152,2333.788152,1.177275,win,10.8876,2.0
ETH/USDT,short,2026-04-16 18:11:00+00:00,2026-04-16 18:19:00+00:00,2321.79,2324.744856,2315.880288,2324.744856,1.842326,loss,-5.4438,-1.0
ETH/USDT,long,2026-04-16 18:21:00+00:00,2026-04-16 18:24:00+00:00,2328.21,2323.805146,2337.019708,2323.805146,1.223507,loss,-5.3894,-1.0
ETH/USDT,long,2026-04-16 19:02:00+00:00,2026-04-16 19:08:00+00:00,2342.0,2338.572192,2348.855616,2338.572192,1.596071,loss,-5.471,-1.0
ETH/USDT,long,2026-04-16 19:32:00+00:00,2026-04-16 19:41:00+00:00,2343.83,2339.092088,2353.305824,2353.305824,1.14896,win,10.8873,2.0
ETH/USDT,short,2026-04-16 20:23:00+00:00,2026-04-16 21:29:00+00:00,2351.28,2357.241354,2339.357292,2339.357292,0.922292,win,10.9962,2.0
ETH/USDT,long,2026-04-16 21:10:00+00:00,2026-04-16 21:16:00+00:00,2353.23,2349.460014,2360.769972,2349.460014,1.45839,loss,-5.4981,-1.0
ETH/USDT,long,2026-04-16 22:12:00+00:00,2026-04-17 01:22:00+00:00,2343.38,2338.022302,2354.095396,2338.022302,1.031338,loss,-5.5256,-1.0
ETH/USDT,short,2026-04-16 22:18:00+00:00,2026-04-16 22:40:00+00:00,2340.1,2343.738654,2332.822692,2343.738654,1.518583,loss,-5.5256,-1.0
ETH/USDT,short,2026-04-17 01:24:00+00:00,2026-04-17 08:35:00+00:00,2333.3,2343.938694,2312.022612,2343.938694,0.514193,loss,-5.4703,-1.0
ETH/USDT,long,2026-04-17 01:36:00+00:00,2026-04-17 01:41:00+00:00,2333.79,2330.853736,2339.662528,2330.853736,1.863028,loss,-5.4703,-1.0
ETH/USDT,long,2026-04-17 02:00:00+00:00,2026-04-17 02:17:00+00:00,2334.43,2327.43442,2348.42116,2327.43442,0.778061,loss,-5.443,-1.0
ETH/USDT,short,2026-04-17 05:16:00+00:00,2026-04-17 06:17:00+00:00,2319.69,2324.404788,2310.260424,2324.404788,1.148679,loss,-5.4158,-1.0
ETH/USDT,short,2026-04-17 07:54:00+00:00,2026-04-17 08:08:00+00:00,2331.46,2334.336774,2325.706452,2334.336774,1.873174,loss,-5.3887,-1.0
ETH/USDT,long,2026-04-17 08:59:00+00:00,2026-04-17 09:06:00+00:00,2354.01,2348.770152,2364.489696,2348.770152,1.018045,loss,-5.3344,-1.0
ETH/USDT,long,2026-04-17 09:29:00+00:00,2026-04-17 09:34:00+00:00,2358.18,2354.948916,2364.642168,2354.948916,1.642709,loss,-5.3077,-1.0
ETH/USDT,short,2026-04-17 10:12:00+00:00,2026-04-17 10:30:00+00:00,2353.66,2356.711248,2347.557504,2347.557504,1.73083,win,10.5624,2.0
ETH/USDT,short,2026-04-17 10:32:00+00:00,2026-04-17 11:18:00+00:00,2341.06,2350.780062,2321.619876,2350.780062,0.548762,loss,-5.334,-1.0
ETH/USDT,long,2026-04-17 10:37:00+00:00,2026-04-17 10:43:00+00:00,2344.11,2340.421822,2351.486356,2340.421822,1.446243,loss,-5.334,-1.0
ETH/USDT,short,2026-04-17 10:47:00+00:00,2026-04-17 11:01:00+00:00,2338.97,2342.798466,2331.313068,2342.798466,1.386282,loss,-5.3073,-1.0
ETH/USDT,short,2026-04-17 12:04:00+00:00,2026-04-17 12:12:00+00:00,2349.99,2354.72085,2340.5283,2354.72085,1.110609,loss,-5.2541,-1.0
ETH/USDT,long,2026-04-17 12:27:00+00:00,2026-04-17 12:48:00+00:00,2355.84,2352.149476,2363.221048,2363.221048,1.416562,win,10.4557,2.0
ETH/USDT,long,2026-04-17 12:32:00+00:00,2026-04-17 12:37:00+00:00,2360.62,2356.5286,2368.8028,2356.5286,1.277767,loss,-5.2279,-1.0
ETH/USDT,long,2026-04-17 12:37:00+00:00,2026-04-17 12:48:00+00:00,2356.94,2353.499206,2363.821588,2363.821588,1.519375,win,10.4557,2.0
ETH/USDT,long,2026-04-17 13:10:00+00:00,2026-04-17 13:53:00+00:00,2388.47,2367.106484,2431.197032,2431.197032,0.24838,win,10.6125,2.0
ETH/USDT,long,2026-04-17 13:21:00+00:00,2026-04-17 13:28:00+00:00,2413.79,2408.16827,2425.03346,2408.16827,0.943886,loss,-5.3063,-1.0
ETH/USDT,short,2026-04-17 13:30:00+00:00,2026-04-17 13:50:00+00:00,2404.84,2416.4832,2381.5536,2416.4832,0.453461,loss,-5.2797,-1.0
ETH/USDT,long,2026-04-17 13:51:00+00:00,2026-04-17 13:53:00+00:00,2414.95,2411.377628,2422.094744,2422.094744,1.470548,win,10.5067,2.0
ETH/USDT,long,2026-04-17 14:33:00+00:00,2026-04-17 14:38:00+00:00,2437.3,2434.203062,2443.493876,2443.493876,1.730399,win,10.7179,2.0
ETH/USDT,long,2026-04-17 14:40:00+00:00,2026-04-17 14:44:00+00:00,2443.47,2436.5126,2457.3848,2457.3848,0.777953,win,10.8251,2.0
ETH/USDT,long,2026-04-17 15:11:00+00:00,2026-04-17 15:30:00+00:00,2445.74,2436.402622,2464.414756,2436.402622,0.585459,loss,-5.4667,-1.0
ETH/USDT,short,2026-04-17 15:51:00+00:00,2026-04-17 16:01:00+00:00,2439.35,2443.398582,2431.252836,2443.398582,1.343513,loss,-5.4393,-1.0
ETH/USDT,long,2026-04-17 16:21:00+00:00,2026-04-17 16:31:00+00:00,2445.13,2440.86173,2453.66654,2453.66654,1.26799,win,10.8242,2.0
ETH/USDT,long,2026-04-17 16:33:00+00:00,2026-04-17 16:53:00+00:00,2454.55,2450.75975,2462.1305,2450.75975,1.442186,loss,-5.4662,-1.0
ETH/USDT,long,2026-04-17 16:41:00+00:00,2026-04-17 16:49:00+00:00,2460.83,2453.239254,2476.011492,2453.239254,0.72012,loss,-5.4662,-1.0
ETH/USDT,short,2026-04-17 17:12:00+00:00,2026-04-17 18:13:00+00:00,2437.86,2445.468996,2422.642008,2422.642008,0.711209,win,10.8232,2.0
ETH/USDT,short,2026-04-17 17:27:00+00:00,2026-04-17 17:47:00+00:00,2426.35,2438.53761,2401.97478,2438.53761,0.444023,loss,-5.4116,-1.0
ETH/USDT,long,2026-04-17 17:39:00+00:00,2026-04-17 18:09:00+00:00,2432.41,2426.104682,2445.020636,2426.104682,0.858257,loss,-5.4116,-1.0
ETH/USDT,short,2026-04-17 18:07:00+00:00,2026-04-17 22:37:00+00:00,2428.65,2434.976898,2415.996204,2434.976898,0.851053,loss,-5.3845,-1.0
ETH/USDT,long,2026-04-17 18:27:00+00:00,2026-04-17 18:29:00+00:00,2424.08,2420.155872,2431.928256,2420.155872,1.379054,loss,-5.4116,-1.0
ETH/USDT,long,2026-04-17 18:36:00+00:00,2026-04-17 18:53:00+00:00,2424.03,2419.226058,2433.637884,2419.226058,1.120856,loss,-5.3845,-1.0
ETH/USDT,short,2026-04-17 19:01:00+00:00,2026-04-17 19:42:00+00:00,2424.04,2427.745452,2416.629096,2427.745452,1.44587,loss,-5.3576,-1.0
ETH/USDT,long,2026-04-17 19:03:00+00:00,2026-04-17 19:08:00+00:00,2423.75,2419.326038,2432.597924,2419.326038,1.211042,loss,-5.3576,-1.0
ETH/USDT,long,2026-04-17 19:34:00+00:00,2026-04-17 20:31:00+00:00,2426.72,2422.055492,2436.049016,2422.055492,1.142846,loss,-5.3308,-1.0
ETH/USDT,long,2026-04-17 19:45:00+00:00,2026-04-17 20:30:00+00:00,2429.37,2425.004902,2438.100196,2425.004902,1.215099,loss,-5.304,-1.0
ETH/USDT,long,2026-04-17 20:51:00+00:00,2026-04-17 21:21:00+00:00,2423.88,2420.595784,2430.448432,2430.448432,1.598815,win,10.5017,2.0
ETH/USDT,short,2026-04-17 22:17:00+00:00,2026-04-17 22:31:00+00:00,2424.72,2429.955894,2414.248212,2429.955894,1.012885,loss,-5.3034,-1.0
ETH/USDT,short,2026-04-17 23:20:00+00:00,2026-04-18 00:35:00+00:00,2423.21,2427.475398,2414.679204,2414.679204,1.230816,win,10.4998,2.0
ETH/USDT,short,2026-04-17 23:24:00+00:00,2026-04-17 23:31:00+00:00,2418.67,2423.364576,2409.280848,2423.364576,1.118295,loss,-5.2499,-1.0
ETH/USDT,short,2026-04-18 00:11:00+00:00,2026-04-18 00:28:00+00:00,2416.79,2420.073918,2410.222164,2420.073918,1.590683,loss,-5.2237,-1.0
ETH/USDT,long,2026-04-18 00:41:00+00:00,2026-04-18 01:12:00+00:00,2415.39,2410.5178,2425.1344,2425.1344,1.077553,win,10.5001,2.0
ETH/USDT,long,2026-04-18 01:12:00+00:00,2026-04-18 01:34:00+00:00,2424.0,2419.925918,2432.148164,2419.925918,1.288647,loss,-5.2501,-1.0
ETH/USDT,long,2026-04-18 02:17:00+00:00,2026-04-18 03:00:00+00:00,2421.12,2417.896324,2427.567352,2417.896324,1.636735,loss,-5.2763,-1.0
ETH/USDT,short,2026-04-18 03:55:00+00:00,2026-04-18 08:15:00+00:00,2409.75,2416.303164,2396.643672,2396.643672,0.801128,win,10.4998,2.0
ETH/USDT,short,2026-04-18 04:30:00+00:00,2026-04-18 04:38:00+00:00,2401.67,2406.091122,2392.827756,2406.091122,1.187464,loss,-5.2499,-1.0
ETH/USDT,short,2026-04-18 08:09:00+00:00,2026-04-18 08:16:00+00:00,2400.76,2403.970698,2394.338604,2394.338604,1.626958,win,10.4473,2.0
ETH/USDT,short,2026-04-18 08:25:00+00:00,2026-04-18 08:35:00+00:00,2384.41,2388.557616,2376.114768,2376.114768,1.284692,win,10.6568,2.0
ETH/USDT,short,2026-04-18 08:36:00+00:00,2026-04-18 08:38:00+00:00,2381.14,2385.166938,2373.086124,2373.086124,1.336423,win,10.7634,2.0
ETH/USDT,short,2026-04-18 09:16:00+00:00,2026-04-18 10:09:00+00:00,2374.7,2380.37598,2363.34804,2363.34804,0.957634,win,10.871,2.0
ETH/USDT,long,2026-04-18 10:16:00+00:00,2026-04-18 11:03:00+00:00,2360.4,2354.419022,2372.361956,2354.419022,0.917887,loss,-5.4899,-1.0
ETH/USDT,short,2026-04-18 10:22:00+00:00,2026-04-19 06:12:00+00:00,2355.07,2370.544014,2324.121972,2324.121972,0.35478,win,10.9797,2.0
ETH/USDT,long,2026-04-18 11:06:00+00:00,2026-04-18 11:12:00+00:00,2358.03,2354.159074,2365.771852,2354.159074,1.411139,loss,-5.4624,-1.0
ETH/USDT,long,2026-04-18 12:04:00+00:00,2026-04-18 13:37:00+00:00,2355.97,2349.82994,2368.25012,2349.82994,0.885187,loss,-5.4351,-1.0
ETH/USDT,long,2026-04-18 13:52:00+00:00,2026-04-18 14:23:00+00:00,2355.36,2351.47961,2363.12078,2351.47961,1.393656,loss,-5.4079,-1.0
ETH/USDT,short,2026-04-18 14:25:00+00:00,2026-04-18 14:32:00+00:00,2352.85,2355.881082,2346.787836,2355.881082,1.775237,loss,-5.3809,-1.0
ETH/USDT,long,2026-04-18 14:34:00+00:00,2026-04-18 15:01:00+00:00,2356.63,2352.789348,2364.311304,2364.311304,1.39403,win,10.708,2.0
ETH/USDT,short,2026-04-18 16:19:00+00:00,2026-04-18 16:21:00+00:00,2359.21,2362.12233,2353.38534,2362.12233,1.856769,loss,-5.4075,-1.0
ETH/USDT,long,2026-04-18 16:23:00+00:00,2026-04-18 17:13:00+00:00,2368.86,2356.82854,2392.92292,2356.82854,0.447201,loss,-5.3805,-1.0
ETH/USDT,short,2026-04-18 16:52:00+00:00,2026-04-18 17:30:00+00:00,2357.61,2361.342174,2350.145652,2361.342174,1.441649,loss,-5.3805,-1.0
ETH/USDT,short,2026-04-18 17:15:00+00:00,2026-04-18 17:30:00+00:00,2356.27,2360.231952,2348.346096,2360.231952,1.351249,loss,-5.3536,-1.0
ETH/USDT,short,2026-04-18 18:03:00+00:00,2026-04-18 18:09:00+00:00,2356.45,2360.37198,2348.60604,2360.37198,1.351336,loss,-5.2999,-1.0
ETH/USDT,short,2026-04-18 18:44:00+00:00,2026-04-18 19:01:00+00:00,2341.46,2350.850076,2322.679848,2350.850076,0.561594,loss,-5.2734,-1.0
ETH/USDT,long,2026-04-18 18:48:00+00:00,2026-04-19 01:30:00+00:00,2349.46,2342.521402,2363.337196,2342.521402,0.760011,loss,-5.2734,-1.0
ETH/USDT,long,2026-04-18 19:03:00+00:00,2026-04-18 20:01:00+00:00,2349.8,2345.010904,2359.378192,2345.010904,1.095623,loss,-5.247,-1.0
ETH/USDT,short,2026-04-18 19:34:00+00:00,2026-04-18 20:44:00+00:00,2347.38,2350.930092,2340.279816,2350.930092,1.478003,loss,-5.247,-1.0
ETH/USDT,long,2026-04-18 20:08:00+00:00,2026-04-18 22:49:00+00:00,2347.52,2343.28125,2355.9975,2355.9975,1.231686,win,10.4416,2.0
ETH/USDT,short,2026-04-18 22:05:00+00:00,2026-04-18 22:33:00+00:00,2349.96,2353.850676,2342.178648,2353.850676,1.335134,loss,-5.1946,-1.0
ETH/USDT,short,2026-04-19 00:15:00+00:00,2026-04-19 00:36:00+00:00,2350.86,2354.060718,2344.458564,2344.458564,1.631137,win,10.4416,2.0
ETH/USDT,short,2026-04-19 01:12:00+00:00,2026-04-19 02:28:00+00:00,2346.21,2349.749856,2339.130288,2339.130288,1.489614,win,10.546,2.0
ETH/USDT,short,2026-04-19 02:26:00+00:00,2026-04-19 02:28:00+00:00,2341.82,2344.988904,2335.482192,2335.482192,1.655668,win,10.4933,2.0
ETH/USDT,short,2026-04-19 02:30:00+00:00,2026-04-19 02:42:00+00:00,2336.3,2342.228352,2324.443296,2342.228352,0.902755,loss,-5.3518,-1.0
ETH/USDT,long,2026-04-19 02:44:00+00:00,2026-04-19 02:50:00+00:00,2344.32,2340.211864,2352.536272,2340.211864,1.29623,loss,-5.3251,-1.0
ETH/USDT,long,2026-04-19 03:19:00+00:00,2026-04-19 04:32:00+00:00,2339.04,2335.052896,2347.014208,2335.052896,1.3289,loss,-5.2985,-1.0
ETH/USDT,short,2026-04-19 04:00:00+00:00,2026-04-19 04:08:00+00:00,2337.95,2341.698246,2330.453508,2341.698246,1.413585,loss,-5.2985,-1.0
ETH/USDT,short,2026-04-19 04:42:00+00:00,2026-04-19 05:31:00+00:00,2325.14,2335.657038,2304.105924,2335.657038,0.49876,loss,-5.2455,-1.0
ETH/USDT,long,2026-04-19 04:53:00+00:00,2026-04-19 05:05:00+00:00,2332.11,2328.33424,2339.66152,2328.33424,1.389251,loss,-5.2455,-1.0
ETH/USDT,short,2026-04-19 06:17:00+00:00,2026-04-19 06:21:00+00:00,2324.35,2328.555618,2315.938764,2328.555618,1.247836,loss,-5.2479,-1.0
ETH/USDT,short,2026-04-19 07:25:00+00:00,2026-04-19 07:56:00+00:00,2304.0,2317.293366,2277.413268,2317.293366,0.392804,loss,-5.2217,-1.0
ETH/USDT,short,2026-04-19 08:02:00+00:00,2026-04-19 08:17:00+00:00,2313.01,2316.273162,2306.483676,2316.273162,1.59219,loss,-5.1956,-1.0
ETH/USDT,long,2026-04-19 08:15:00+00:00,2026-04-19 08:31:00+00:00,2315.23,2311.997508,2321.694984,2311.997508,1.607297,loss,-5.1956,-1.0
ETH/USDT,short,2026-04-19 09:39:00+00:00,2026-04-19 10:49:00+00:00,2310.74,2314.41279,2303.39442,2314.41279,1.400466,loss,-5.1436,-1.0
ETH/USDT,long,2026-04-19 10:05:00+00:00,2026-04-19 10:07:00+00:00,2310.65,2307.578392,2316.793216,2307.578392,1.674569,loss,-5.1436,-1.0
ETH/USDT,long,2026-04-19 10:14:00+00:00,2026-04-19 10:49:00+00:00,2308.3,2305.148878,2314.602244,2314.602244,1.624152,win,10.2358,2.0
ETH/USDT,long,2026-04-19 10:23:00+00:00,2026-04-19 10:50:00+00:00,2309.08,2305.758756,2315.722488,2315.722488,1.540959,win,10.2358,2.0
ETH/USDT,long,2026-04-19 13:12:00+00:00,2026-04-19 13:22:00+00:00,2332.79,2327.464414,2343.441172,2343.441172,0.975393,win,10.3891,2.0
ETH/USDT,long,2026-04-19 13:24:00+00:00,2026-04-19 13:37:00+00:00,2345.52,2337.442418,2361.675164,2337.442418,0.649512,loss,-5.2465,-1.0
ETH/USDT,short,2026-04-19 14:05:00+00:00,2026-04-19 14:08:00+00:00,2335.38,2339.137734,2327.864532,2327.864532,1.389203,win,10.4405,2.0
ETH/USDT,short,2026-04-19 14:06:00+00:00,2026-04-19 14:08:00+00:00,2332.99,2335.847076,2327.275848,2327.275848,1.827132,win,10.4405,2.0
ETH/USDT,short,2026-04-19 14:10:00+00:00,2026-04-19 14:19:00+00:00,2327.44,2332.446396,2317.427208,2332.446396,1.063571,loss,-5.3247,-1.0
ETH/USDT,short,2026-04-19 14:34:00+00:00,2026-04-19 14:51:00+00:00,2334.18,2338.857678,2324.824644,2338.857678,1.132621,loss,-5.298,-1.0
ETH/USDT,short,2026-04-19 15:05:00+00:00,2026-04-19 15:17:00+00:00,2332.87,2336.51721,2325.57558,2336.51721,1.445364,loss,-5.2715,-1.0
ETH/USDT,short,2026-04-19 15:24:00+00:00,2026-04-19 15:36:00+00:00,2332.23,2336.137134,2324.415732,2324.415732,1.342464,win,10.4904,2.0
ETH/USDT,short,2026-04-19 15:39:00+00:00,2026-04-19 15:39:00+00:00,2335.67,2338.847676,2329.314648,2329.314648,1.667143,win,10.5953,2.0
ETH/USDT,short,2026-04-19 16:02:00+00:00,2026-04-19 16:30:00+00:00,2325.98,2330.06592,2317.80816,2317.80816,1.309525,win,10.7012,2.0
ETH/USDT,long,2026-04-19 16:06:00+00:00,2026-04-19 16:18:00+00:00,2328.12,2323.175272,2338.009456,2323.175272,1.082085,loss,-5.3506,-1.0
ETH/USDT,short,2026-04-19 16:30:00+00:00,2026-04-19 16:34:00+00:00,2318.8,2321.884284,2312.631432,2321.884284,1.726126,loss,-5.3239,-1.0
ETH/USDT,long,2026-04-19 16:36:00+00:00,2026-04-19 16:41:00+00:00,2323.66,2319.516004,2331.947992,2319.516004,1.291205,loss,-5.3507,-1.0
ETH/USDT,short,2026-04-19 16:45:00+00:00,2026-04-19 16:56:00+00:00,2318.59,2323.01451,2309.74098,2309.74098,1.203296,win,10.648,2.0
ETH/USDT,short,2026-04-19 17:52:00+00:00,2026-04-19 18:04:00+00:00,2302.22,2306.081124,2294.497752,2294.497752,1.392661,win,10.7545,2.0
ETH/USDT,long,2026-04-19 18:12:00+00:00,2026-04-19 18:24:00+00:00,2296.26,2293.121284,2302.537432,2293.121284,1.730328,loss,-5.431,-1.0
ETH/USDT,short,2026-04-19 19:26:00+00:00,2026-04-19 20:45:00+00:00,2295.64,2301.51021,2283.89958,2283.89958,0.920555,win,10.8077,2.0
ETH/USDT,short,2026-04-19 20:03:00+00:00,2026-04-19 20:22:00+00:00,2295.25,2298.449598,2288.850804,2288.850804,1.688916,win,10.8077,2.0
ETH/USDT,long,2026-04-19 21:39:00+00:00,2026-04-19 21:49:00+00:00,2288.07,2284.822944,2294.564112,2284.822944,1.697516,loss,-5.5119,-1.0
ETH/USDT,short,2026-04-19 22:02:00+00:00,2026-04-19 22:02:00+00:00,2274.0,2277.365382,2267.269236,2267.269236,1.629643,win,10.9687,2.0
ETH/USDT,long,2026-04-19 22:34:00+00:00,2026-04-19 22:55:00+00:00,2265.36,2261.557598,2272.964804,2272.964804,1.456767,win,11.0784,2.0
ETH/USDT,short,2026-04-19 23:04:00+00:00,2026-04-20 00:17:00+00:00,2262.06,2272.494408,2241.191184,2272.494408,0.536169,loss,-5.5946,-1.0
ETH/USDT,long,2026-04-19 23:20:00+00:00,2026-04-19 23:20:00+00:00,2263.12,2259.408028,2270.543944,2270.543944,1.507179,win,11.1892,2.0
ETH/USDT,long,2026-04-19 23:39:00+00:00,2026-04-19 23:59:00+00:00,2265.43,2262.067496,2272.155008,2262.067496,1.68046,loss,-5.6506,-1.0
ETH/USDT,long,2026-04-20 01:56:00+00:00,2026-04-20 02:01:00+00:00,2287.67,2284.363036,2294.283928,2284.363036,1.691681,loss,-5.5943,-1.0
ETH/USDT,short,2026-04-20 02:04:00+00:00,2026-04-20 02:19:00+00:00,2282.18,2285.30697,2275.92606,2275.92606,1.780112,win,11.1327,2.0
ETH/USDT,long,2026-04-20 02:52:00+00:00,2026-04-20 05:07:00+00:00,2279.01,2274.525004,2287.979992,2274.525004,1.253517,loss,-5.622,-1.0
ETH/USDT,long,2026-04-20 03:56:00+00:00,2026-04-20 04:05:00+00:00,2285.25,2281.953518,2291.842964,2281.953518,1.70546,loss,-5.622,-1.0
ETH/USDT,long,2026-04-20 04:49:00+00:00,2026-04-20 05:06:00+00:00,2281.02,2277.404428,2288.251144,2277.404428,1.547171,loss,-5.5939,-1.0
ETH/USDT,short,2026-04-20 05:15:00+00:00,2026-04-20 05:45:00+00:00,2271.18,2274.90489,2263.73022,2263.73022,1.486709,win,11.0757,2.0
ETH/USDT,long,2026-04-20 05:54:00+00:00,2026-04-20 06:32:00+00:00,2267.08,2262.14748,2276.94504,2276.94504,1.133945,win,11.1864,2.0
ETH/USDT,long,2026-04-20 06:42:00+00:00,2026-04-20 07:01:00+00:00,2279.35,2275.864736,2286.320528,2286.320528,1.620864,win,11.2983,2.0
ETH/USDT,short,2026-04-20 07:39:00+00:00,2026-04-20 09:37:00+00:00,2298.97,2305.891086,2285.127828,2305.891086,0.824384,loss,-5.7056,-1.0
ETH/USDT,short,2026-04-20 07:52:00+00:00,2026-04-20 08:18:00+00:00,2291.04,2300.289966,2272.540068,2300.289966,0.616827,loss,-5.7056,-1.0
ETH/USDT,long,2026-04-20 08:01:00+00:00,2026-04-20 08:05:00+00:00,2295.66,2291.371634,2304.236732,2291.371634,1.330491,loss,-5.7056,-1.0
ETH/USDT,short,2026-04-20 08:04:00+00:00,2026-04-20 08:13:00+00:00,2292.34,2295.739056,2285.541888,2295.739056,1.678593,loss,-5.7056,-1.0
ETH/USDT,short,2026-04-20 08:29:00+00:00,2026-04-20 08:52:00+00:00,2296.65,2300.319972,2289.310056,2289.310056,1.531359,win,11.2401,2.0
ETH/USDT,long,2026-04-20 09:43:00+00:00,2026-04-20 10:56:00+00:00,2311.23,2305.398828,2322.892344,2305.398828,0.968539,loss,-5.6477,-1.0
ETH/USDT,short,2026-04-20 11:33:00+00:00,2026-04-20 11:46:00+00:00,2303.36,2307.971502,2294.136996,2307.971502,1.218579,loss,-5.6195,-1.0
ETH/USDT,long,2026-04-20 11:35:00+00:00,2026-04-20 12:10:00+00:00,2304.97,2301.579592,2311.750816,2311.750816,1.657464,win,11.239,2.0
ETH/USDT,long,2026-04-20 12:06:00+00:00,2026-04-20 12:19:00+00:00,2307.08,2303.499208,2314.241584,2314.241584,1.561493,win,11.1828,2.0
ETH/USDT,long,2026-04-20 12:08:00+00:00,2026-04-20 12:20:00+00:00,2309.78,2306.618584,2316.102832,2316.102832,1.768632,win,11.1828,2.0
ETH/USDT,short,2026-04-20 12:40:00+00:00,2026-04-20 12:50:00+00:00,2309.03,2313.792666,2299.504668,2313.792666,1.209282,loss,-5.7594,-1.0
ETH/USDT,long,2026-04-20 13:13:00+00:00,2026-04-20 13:19:00+00:00,2318.11,2314.73696,2324.85608,2314.73696,1.698945,loss,-5.7306,-1.0
ETH/USDT,short,2026-04-20 13:50:00+00:00,2026-04-20 14:15:00+00:00,2309.6,2313.352578,2302.094844,2302.094844,1.519477,win,11.4039,2.0
ETH/USDT,long,2026-04-20 13:59:00+00:00,2026-04-20 14:01:00+00:00,2312.54,2305.63878,2326.34244,2305.63878,0.826224,loss,-5.702,-1.0
ETH/USDT,short,2026-04-20 14:10:00+00:00,2026-04-20 14:21:00+00:00,2303.64,2309.851878,2291.216244,2309.851878,0.913322,loss,-5.6734,-1.0
ETH/USDT,long,2026-04-20 14:29:00+00:00,2026-04-20 14:35:00+00:00,2312.03,2308.93812,2318.21376,2308.93812,1.844217,loss,-5.7021,-1.0
ETH/USDT,short,2026-04-20 14:37:00+00:00,2026-04-20 15:04:00+00:00,2306.87,2318.103528,2284.402944,2284.402944,0.505058,win,11.3472,2.0
ETH/USDT,short,2026-04-20 14:57:00+00:00,2026-04-20 15:22:00+00:00,2287.89,2305.76106,2252.14788,2305.76106,0.317473,loss,-5.6736,-1.0
ETH/USDT,long,2026-04-20 15:13:00+00:00,2026-04-20 15:14:00+00:00,2287.68,2283.433222,2296.173556,2296.173556,1.349334,win,11.4606,2.0
ETH/USDT,long,2026-04-20 15:28:00+00:00,2026-04-20 15:35:00+00:00,2313.9,2308.458216,2324.783568,2308.458216,1.05834,loss,-5.7593,-1.0
ETH/USDT,short,2026-04-20 16:18:00+00:00,2026-04-20 16:46:00+00:00,2302.75,2307.021312,2294.207376,2307.021312,1.341616,loss,-5.7305,-1.0
ETH/USDT,short,2026-04-20 16:28:00+00:00,2026-04-20 17:08:00+00:00,2302.74,2307.231354,2293.757292,2307.231354,1.275887,loss,-5.7305,-1.0
ETH/USDT,long,2026-04-20 16:43:00+00:00,2026-04-20 16:55:00+00:00,2305.4,2299.260056,2317.679888,2299.260056,0.933309,loss,-5.7305,-1.0
ETH/USDT,short,2026-04-20 16:51:00+00:00,2026-04-20 17:06:00+00:00,2299.92,2305.591026,2288.577948,2305.591026,1.005428,loss,-5.7018,-1.0
ETH/USDT,long,2026-04-20 18:07:00+00:00,2026-04-20 18:44:00+00:00,2326.28,2322.345438,2334.149124,2334.149124,1.42735,win,11.232,2.0
ETH/USDT,long,2026-04-20 18:16:00+00:00,2026-04-20 18:31:00+00:00,2329.82,2325.364834,2338.730332,2325.364834,1.260558,loss,-5.616,-1.0
ETH/USDT,long,2026-04-20 18:52:00+00:00,2026-04-20 19:21:00+00:00,2334.24,2328.314244,2346.091512,2328.314244,0.952465,loss,-5.6441,-1.0
ETH/USDT,long,2026-04-20 20:49:00+00:00,2026-04-20 20:50:00+00:00,2328.57,2324.465014,2336.779972,2336.779972,1.368057,win,11.2317,2.0
ETH/USDT,short,2026-04-20 21:23:00+00:00,2026-04-20 22:06:00+00:00,2320.46,2324.524812,2312.330376,2324.524812,1.395394,loss,-5.672,-1.0
ETH/USDT,long,2026-04-20 22:03:00+00:00,2026-04-20 22:18:00+00:00,2322.86,2319.536,2329.508,2319.536,1.706382,loss,-5.672,-1.0
ETH/USDT,short,2026-04-20 23:02:00+00:00,2026-04-21 00:47:00+00:00,2314.76,2319.603828,2305.072344,2319.603828,1.159268,loss,-5.6153,-1.0
ETH/USDT,short,2026-04-20 23:30:00+00:00,2026-04-20 23:38:00+00:00,2308.64,2311.882284,2302.155432,2311.882284,1.731895,loss,-5.6153,-1.0
ETH/USDT,long,2026-04-21 01:32:00+00:00,2026-04-21 01:40:00+00:00,2323.1,2319.296048,2330.707904,2319.296048,1.461412,loss,-5.5591,-1.0
ETH/USDT,short,2026-04-21 01:54:00+00:00,2026-04-21 02:03:00+00:00,2315.24,2318.473602,2308.772796,2308.772796,1.710583,win,11.0627,2.0
ETH/USDT,long,2026-04-21 02:44:00+00:00,2026-04-21 03:02:00+00:00,2308.37,2305.448818,2314.212364,2305.448818,1.912465,loss,-5.5867,-1.0
ETH/USDT,short,2026-04-21 02:46:00+00:00,2026-04-21 03:19:00+00:00,2307.04,2310.231954,2300.656092,2300.656092,1.750232,win,11.1733,2.0
ETH/USDT,short,2026-04-21 03:04:00+00:00,2026-04-21 03:30:00+00:00,2303.16,2306.271162,2296.937676,2306.271162,1.786704,loss,-5.5587,-1.0
ETH/USDT,long,2026-04-21 10:46:00+00:00,2026-04-21 11:11:00+00:00,2331.36,2327.574392,2338.931216,2327.574392,1.4758,loss,-5.5868,-1.0
ETH/USDT,long,2026-04-21 13:04:00+00:00,2026-04-21 13:43:00+00:00,2305.45,2301.819544,2312.710912,2312.710912,1.531175,win,11.1177,2.0
ETH/USDT,long,2026-04-21 14:19:00+00:00,2026-04-21 14:57:00+00:00,2314.92,2309.797948,2325.164104,2309.797948,1.096134,loss,-5.6145,-1.0
ETH/USDT,long,2026-04-21 15:20:00+00:00,2026-04-21 15:25:00+00:00,2307.81,2303.509206,2316.411588,2303.509206,1.298919,loss,-5.5864,-1.0
ETH/USDT,long,2026-04-21 16:03:00+00:00,2026-04-21 17:01:00+00:00,2312.07,2307.468414,2321.273172,2307.468414,1.207942,loss,-5.5584,-1.0
ETH/USDT,long,2026-04-21 16:08:00+00:00,2026-04-21 17:13:00+00:00,2307.93,2296.94052,2329.90896,2296.94052,0.505797,loss,-5.5584,-1.0
ETH/USDT,long,2026-04-21 16:11:00+00:00,2026-04-21 16:34:00+00:00,2311.84,2308.78815,2317.9437,2317.9437,1.821338,win,11.1169,2.0
ETH/USDT,long,2026-04-21 16:27:00+00:00,2026-04-21 16:40:00+00:00,2311.93,2308.618184,2318.553632,2318.553632,1.678369,win,11.1169,2.0
ETH/USDT,short,2026-04-21 16:45:00+00:00,2026-04-21 17:12:00+00:00,2312.47,2319.203748,2299.002504,2299.002504,0.841971,win,11.3392,2.0
ETH/USDT,short,2026-04-21 17:15:00+00:00,2026-04-21 17:40:00+00:00,2299.44,2304.470802,2289.378396,2304.470802,1.127202,loss,-5.6707,-1.0
ETH/USDT,long,2026-04-21 17:41:00+00:00,2026-04-21 17:41:00+00:00,2301.06,2296.320644,2310.538712,2310.538712,1.190536,win,11.2848,2.0
ETH/USDT,short,2026-04-21 17:57:00+00:00,2026-04-21 19:00:00+00:00,2303.32,2312.392386,2285.175228,2312.392386,0.628148,loss,-5.6988,-1.0
ETH/USDT,short,2026-04-21 19:20:00+00:00,2026-04-21 19:22:00+00:00,2315.38,2319.283764,2307.572472,2319.283764,1.452523,loss,-5.6703,-1.0
ETH/USDT,long,2026-04-21 19:22:00+00:00,2026-04-21 19:30:00+00:00,2316.4,2313.577192,2322.045616,2322.045616,2.008747,win,11.3406,2.0
ETH/USDT,short,2026-04-21 19:39:00+00:00,2026-04-21 19:43:00+00:00,2307.84,2314.21275,2295.0945,2295.0945,0.894223,win,11.3973,2.0
ETH/USDT,short,2026-04-21 19:46:00+00:00,2026-04-21 20:09:00+00:00,2289.42,2308.301568,2251.656864,2308.301568,0.304829,loss,-5.7556,-1.0
ETH/USDT,short,2026-04-21 20:37:00+00:00,2026-04-21 20:46:00+00:00,2319.08,2323.024512,2311.190976,2311.190976,1.451857,win,11.4537,2.0
ETH/USDT,long,2026-04-21 20:37:00+00:00,2026-04-21 20:41:00+00:00,2321.65,2316.23666,2332.47668,2316.23666,1.057917,loss,-5.7269,-1.0
ETH/USDT,short,2026-04-21 21:01:00+00:00,2026-04-21 21:11:00+00:00,2316.33,2319.693846,2309.602308,2309.602308,1.710988,win,11.511,2.0
ETH/USDT,long,2026-04-21 21:03:00+00:00,2026-04-21 21:11:00+00:00,2314.1,2310.647778,2321.004444,2310.647778,1.667187,loss,-5.7555,-1.0
ETH/USDT,long,2026-04-21 21:25:00+00:00,2026-04-21 21:43:00+00:00,2314.11,2310.78775,2320.7545,2310.78775,1.741072,loss,-5.7843,-1.0
ETH/USDT,long,2026-04-21 22:45:00+00:00,2026-04-21 23:06:00+00:00,2310.03,2305.48881,2319.11238,2319.11238,1.267367,win,11.5107,2.0
ETH/USDT,long,2026-04-21 23:03:00+00:00,2026-04-21 23:40:00+00:00,2313.62,2309.627982,2321.604036,2321.604036,1.441716,win,11.5107,2.0
ETH/USDT,long,2026-04-21 23:47:00+00:00,2026-04-22 01:27:00+00:00,2325.01,2321.475612,2332.078776,2321.475612,1.660956,loss,-5.8705,-1.0
ETH/USDT,short,2026-04-22 01:30:00+00:00,2026-04-22 01:40:00+00:00,2313.58,2323.854678,2293.030644,2323.854678,0.568496,loss,-5.8411,-1.0
ETH/USDT,long,2026-04-22 02:21:00+00:00,2026-04-22 02:45:00+00:00,2343.22,2335.872732,2357.914536,2357.914536,0.791029,win,11.6238,2.0
ETH/USDT,long,2026-04-22 02:37:00+00:00,2026-04-22 05:17:00+00:00,2354.09,2343.93112,2374.40776,2374.40776,0.572101,win,11.6238,2.0
ETH/USDT,long,2026-04-22 02:58:00+00:00,2026-04-22 05:30:00+00:00,2368.43,2357.92832,2389.43336,2389.43336,0.558961,win,11.74,2.0
ETH/USDT,short,2026-04-22 03:42:00+00:00,2026-04-22 03:58:00+00:00,2360.74,2364.542814,2353.134372,2364.542814,1.5436,loss,-5.87,-1.0
ETH/USDT,long,2026-04-22 03:54:00+00:00,2026-04-22 04:17:00+00:00,2363.51,2360.007904,2370.514192,2360.007904,1.676146,loss,-5.87,-1.0
ETH/USDT,long,2026-04-22 04:41:00+00:00,2026-04-22 05:17:00+00:00,2364.35,2360.357834,2372.334332,2372.334332,1.455682,win,11.6226,2.0
ETH/USDT,long,2026-04-22 05:18:00+00:00,2026-04-22 05:18:00+00:00,2368.41,2365.32684,2374.57632,2374.57632,1.922559,win,11.8551,2.0
ETH/USDT,long,2026-04-22 05:32:00+00:00,2026-04-22 07:23:00+00:00,2397.13,2386.282648,2418.824704,2386.282648,0.557328,loss,-6.0455,-1.0
ETH/USDT,short,2026-04-22 06:02:00+00:00,2026-04-22 07:23:00+00:00,2393.24,2397.019308,2385.681384,2385.681384,1.59964,win,12.0911,2.0
ETH/USDT,short,2026-04-22 07:21:00+00:00,2026-04-22 11:42:00+00:00,2389.16,2392.788462,2381.903076,2392.788462,1.666142,loss,-6.0455,-1.0
ETH/USDT,long,2026-04-22 07:46:00+00:00,2026-04-22 08:23:00+00:00,2392.34,2388.07229,2400.87542,2388.07229,1.423658,loss,-6.0758,-1.0
ETH/USDT,short,2026-04-22 09:58:00+00:00,2026-04-22 10:15:00+00:00,2385.92,2389.187742,2379.384516,2389.187742,1.850018,loss,-6.0454,-1.0
ETH/USDT,short,2026-04-22 13:50:00+00:00,2026-04-22 14:03:00+00:00,2411.42,2416.303164,2401.653672,2416.303164,1.225625,loss,-5.9849,-1.0
ETH/USDT,long,2026-04-22 13:52:00+00:00,2026-04-22 14:29:00+00:00,2414.94,2410.827738,2423.164524,2410.827738,1.455386,loss,-5.9849,-1.0
ETH/USDT,long,2026-04-22 14:17:00+00:00,2026-04-22 14:19:00+00:00,2417.12,2411.827538,2427.704924,2411.827538,1.125186,loss,-5.955,-1.0
ETH/USDT,short,2026-04-22 15:02:00+00:00,2026-04-22 15:37:00+00:00,2399.5,2404.160736,2390.178528,2404.160736,1.264887,loss,-5.8953,-1.0
ETH/USDT,long,2026-04-22 15:10:00+00:00,2026-04-22 15:16:00+00:00,2399.89,2396.700564,2406.268872,2396.700564,1.848384,loss,-5.8953,-1.0
ETH/USDT,long,2026-04-22 15:32:00+00:00,2026-04-22 15:40:00+00:00,2398.91,2395.390826,2405.948348,2405.948348,1.666819,win,11.7317,2.0
ETH/USDT,long,2026-04-22 15:44:00+00:00,2026-04-22 16:11:00+00:00,2407.24,2403.359232,2415.001536,2403.359232,1.519031,loss,-5.895,-1.0
ETH/USDT,short,2026-04-22 16:13:00+00:00,2026-04-22 16:32:00+00:00,2403.77,2409.291762,2392.726476,2392.726476,1.062257,win,11.7311,2.0
ETH/USDT,short,2026-04-22 16:25:00+00:00,2026-04-22 16:54:00+00:00,2396.07,2401.160136,2385.889728,2385.889728,1.152333,win,11.7311,2.0
ETH/USDT,short,2026-04-22 16:54:00+00:00,2026-04-22 17:02:00+00:00,2386.83,2392.208346,2376.073308,2392.208346,1.101489,loss,-5.9242,-1.0
ETH/USDT,long,2026-04-22 17:03:00+00:00,2026-04-22 17:53:00+00:00,2390.96,2386.602584,2399.674832,2399.674832,1.366228,win,11.9064,2.0
ETH/USDT,long,2026-04-22 17:12:00+00:00,2026-04-22 17:16:00+00:00,2395.14,2391.981508,2401.456984,2391.981508,1.884831,loss,-5.9532,-1.0
ETH/USDT,short,2026-04-22 17:22:00+00:00,2026-04-22 17:32:00+00:00,2389.84,2392.998504,2383.522992,2392.998504,1.875399,loss,-5.9235,-1.0
ETH/USDT,long,2026-04-22 17:28:00+00:00,2026-04-22 17:53:00+00:00,2391.52,2387.212462,2400.135076,2400.135076,1.375137,win,11.8469,2.0
ETH/USDT,short,2026-04-22 17:47:00+00:00,2026-04-22 17:50:00+00:00,2394.47,2398.019508,2387.370984,2398.019508,1.660466,loss,-5.8938,-1.0
ETH/USDT,long,2026-04-22 19:21:00+00:00,2026-04-22 19:35:00+00:00,2400.36,2397.050494,2406.979012,2397.050494,1.807864,loss,-5.9831,-1.0
ETH/USDT,long,2026-04-22 19:28:00+00:00,2026-04-22 19:35:00+00:00,2405.02,2399.699964,2415.660072,2399.699964,1.124642,loss,-5.9831,-1.0
ETH/USDT,short,2026-04-22 19:37:00+00:00,2026-04-22 20:05:00+00:00,2395.3,2403.28056,2379.33888,2403.28056,0.742217,loss,-5.9233,-1.0
ETH/USDT,short,2026-04-22 22:04:00+00:00,2026-04-22 23:22:00+00:00,2400.43,2404.620828,2392.048344,2392.048344,1.40633,win,11.7874,2.0
ETH/USDT,short,2026-04-22 23:26:00+00:00,2026-04-22 23:34:00+00:00,2386.35,2389.87788,2379.29424,2379.29424,1.687309,win,11.9053,2.0
ETH/USDT,short,2026-04-22 23:36:00+00:00,2026-04-23 00:15:00+00:00,2377.83,2386.82727,2359.83546,2359.83546,0.66822,win,12.0243,2.0
ETH/USDT,short,2026-04-23 00:12:00+00:00,2026-04-23 00:31:00+00:00,2365.35,2373.944694,2348.160612,2373.944694,0.699519,loss,-6.0122,-1.0
ETH/USDT,long,2026-04-23 00:21:00+00:00,2026-04-23 02:26:00+00:00,2367.53,2355.008904,2392.572192,2355.008904,0.484963,loss,-6.0723,-1.0
ETH/USDT,long,2026-04-23 00:32:00+00:00,2026-04-23 01:03:00+00:00,2372.96,2367.116482,2384.647036,2367.116482,1.034003,loss,-6.0422,-1.0
ETH/USDT,long,2026-04-23 00:42:00+00:00,2026-04-23 00:48:00+00:00,2375.41,2370.27585,2385.6783,2370.27585,1.176867,loss,-6.0422,-1.0
ETH/USDT,long,2026-04-23 01:29:00+00:00,2026-04-23 02:14:00+00:00,2364.91,2360.887728,2372.954544,2360.887728,1.487167,loss,-5.9818,-1.0
ETH/USDT,short,2026-04-23 02:39:00+00:00,2026-04-23 02:42:00+00:00,2351.84,2354.890884,2345.738232,2345.738232,1.940919,win,11.843,2.0
ETH/USDT,short,2026-04-23 02:44:00+00:00,2026-04-23 02:53:00+00:00,2346.32,2352.310368,2334.339264,2352.310368,0.998392,loss,-5.9807,-1.0
ETH/USDT,short,2026-04-23 03:35:00+00:00,2026-04-23 03:46:00+00:00,2334.99,2337.897486,2329.175028,2337.897486,2.046727,loss,-5.9508,-1.0
ETH/USDT,short,2026-04-23 08:26:00+00:00,2026-04-23 09:07:00+00:00,2337.99,2341.248156,2331.473688,2331.473688,1.817309,win,11.8422,2.0
ETH/USDT,long,2026-04-23 08:37:00+00:00,2026-04-23 09:04:00+00:00,2337.6,2334.293048,2344.213904,2334.293048,1.790494,loss,-5.9211,-1.0
ETH/USDT,short,2026-04-23 09:09:00+00:00,2026-04-23 10:05:00+00:00,2328.92,2336.987304,2312.785392,2312.785392,0.73763,win,11.9014,2.0
ETH/USDT,short,2026-04-23 09:29:00+00:00,2026-04-23 10:12:00+00:00,2319.93,2325.535014,2308.719972,2308.719972,1.061671,win,11.9014,2.0
ETH/USDT,short,2026-04-23 09:48:00+00:00,2026-04-23 10:06:00+00:00,2319.51,2324.484804,2309.560392,2309.560392,1.196164,win,11.9014,2.0
