id,opened_at,closed_at,symbol,direction,entry_price,exit_price,sl_price,tp_price,qty,risk_usdt,pnl_usdt,pnl_pct,rr,close_reason,duration_min
1,2026-04-29 06:55:18,2026-04-29 07:32:01,ETH/USDT,short,2321.8600,2326.7900,,,0.001000,,-2.5016,,,stop_loss,36.7
2,2026-04-29 07:35:18,2026-04-29 07:56:50,ETH/USDT,long,2327.0600,2321.4100,,,0.426000,,-3.1990,,,stop_loss,21.5
3,2026-04-29 08:35:27,2026-04-29 09:14:12,ETH/USDT,short,2321.6000,2326.0900,,,0.424000,,-2.7030,,,stop_loss,38.8
4,2026-04-29 12:45:17,2026-04-29 13:01:34,BNB/USDT,long,623.9400,625.9900,,,1.580000,,0.4911,,,take_profit,16.3
5,2026-04-29 13:17:27,2026-04-29 13:17:27,ETH/USDT,short,2312.3000,2316.3600,,,0.010000,,-0.9975,,,stop_loss,0.0
6,2026-04-29 13:19:01,2026-04-29 13:24:49,ETH/USDT,short,2314.8700,2308.3400,,,0.426000,,2.1907,,,take_profit,5.8
7,2026-04-29 16:45:45,2026-04-29 16:45:46,ETH/USDT,short,2274.0000,2274.0200,,,0.034000,,-0.1041,,,stop_loss,0.0
8,2026-04-29 16:46:31,2026-04-29 16:46:31,ETH/USDT,short,2265.9300,2265.9400,,,0.427000,,-0.7783,,,stop_loss,0.0
9,2026-04-29 16:47:28,2026-04-29 16:47:28,ETH/USDT,short,2266.9900,2267.0000,,,0.426000,,-0.7769,,,stop_loss,0.0
10,2026-04-29 16:47:51,2026-04-29 16:47:51,ETH/USDT,short,2266.9100,2267.1200,,,0.003000,,-0.4785,,,stop_loss,0.0
11,2026-04-29 16:48:25,2026-04-29 16:48:25,ETH/USDT,short,2267.0400,2267.0900,,,0.426000,,-0.7939,,,stop_loss,0.0
12,2026-04-29 16:49:01,2026-04-29 16:49:01,ETH/USDT,short,2266.9800,2267.1100,,,0.426000,,-0.8280,,,stop_loss,0.0
13,2026-04-29 16:49:25,2026-04-29 16:49:25,ETH/USDT,short,2266.6800,2267.1400,,,0.426000,,-0.9685,,,stop_loss,0.0
14,2026-04-29 16:49:48,2026-04-29 16:49:49,ETH/USDT,short,2267.1800,2267.2600,,,0.426000,,-0.8067,,,stop_loss,0.0
15,2026-04-29 16:50:35,2026-04-29 16:50:35,ETH/USDT,short,2266.1300,2267.2100,,,0.426000,,-0.4040,,,stop_loss,0.0
16,2026-04-29 16:51:54,2026-04-29 16:51:54,ETH/USDT,short,2265.2100,2265.2500,,,0.426000,,-0.7890,,,stop_loss,0.0
17,2026-04-29 16:54:48,2026-04-29 16:54:48,ETH/USDT,short,2266.7400,2266.9700,,,0.426000,,-0.8705,,,stop_loss,0.0
18,2026-04-29 16:56:19,2026-04-29 16:56:20,ETH/USDT,short,2266.5000,2266.6600,,,0.426000,,-0.8406,,,stop_loss,0.0
19,2026-04-29 16:57:39,2026-04-29 16:57:39,ETH/USDT,short,2265.5100,2265.5200,,,0.426000,,-0.7763,,,stop_loss,0.0
20,2026-04-29 17:05:50,2026-04-29 18:08:34,ETH/USDT,long,2274.0000,2264.8300,,,0.275000,,-4.6332,,,stop_loss,62.7
21,2026-04-29 17:05:24,2026-04-29 18:09:30,BNB/USDT,long,618.8900,617.3600,,,1.590000,,-3.2190,,,stop_loss,64.1
22,2026-04-30 09:08:31,2026-04-30 09:29:21,ETH/USDT,short,2255.1600,2260.7300,,,0.402000,,-2.9653,,,stop_loss,20.8
23,2026-04-30 09:07:54,2026-04-30 09:30:11,BNB/USDT,short,617.2200,618.1500,,,1.590000,,-2.2644,,,stop_loss,22.3
24,2026-04-30 09:30:45,2026-04-30 10:28:48,ETH/USDT,long,2263.1200,2256.5100,,,0.214000,,-3.3509,,,stop_loss,58.1
25,2026-04-30 10:34:01,2026-04-30 11:00:56,ETH/USDT,short,2259.8600,2261.6000,,,0.068000,,-1.1465,,,stop_loss,26.9
26,2026-04-30 10:24:32,2026-04-30 11:46:15,BNB/USDT,long,616.2800,615.2500,,,1.470000,,-2.2382,,,stop_loss,81.7
27,2026-04-30 14:06:28,2026-04-30 14:16:29,ETH/USDT,long,2267.4700,2256.5100,,,0.418000,,-2.7161,,,stop_loss,10.0
28,2026-04-30 15:00:11,2026-04-30 16:55:55,ETH/USDT,short,2263.7700,2256.7300,,,0.245000,,-3.5712,,,stop_loss,115.7
29,2026-04-30 16:19:01,2026-04-30 17:17:32,XRP/USDT,short,1.3673,1.3629,,,662.000000,,2.3703,,,take_profit,58.5
30,2026-04-30 17:56:30,2026-04-30 18:02:09,XRP/USDT,short,1.3668,1.3698,,,660.000000,,-0.3750,,,stop_loss,5.7
31,2026-05-01 01:51:50,2026-05-01 02:20:40,XRP/USDT,long,1.3709,1.3678,,,711.900000,,-2.9868,,,stop_loss,28.8
32,2026-05-01 03:40:42,2026-05-01 06:17:19,XRP/USDT,short,1.3746,1.3779,,,706.400000,,-3.1089,,,stop_loss,156.6
33,2026-05-01 05:28:34,2026-05-01 06:17:19,BNB/USDT,long,618.3000,618.5000,,,1.450000,,-0.5037,,,stop_loss,48.8
34,2026-05-01 06:44:29,2026-05-01 06:44:44,XRP/USDT,long,1.3729,1.3732,,,22.700000,,-0.1136,,,stop_loss,0.3
35,2026-05-01 06:46:31,2026-05-01 07:05:07,XRP/USDT,long,1.3731,1.3719,,,707.900000,,-1.6268,,,stop_loss,18.6
36,2026-05-01 07:05:37,2026-05-01 07:49:54,XRP/USDT,long,1.3722,1.3743,,,707.400000,,0.9028,,,take_profit,44.3
37,2026-05-01 07:50:13,2026-05-01 07:50:14,XRP/USDT,long,1.3747,1.3745,,,707.000000,,-0.9189,,,stop_loss,0.0
38,2026-05-01 08:01:14,2026-05-01 08:01:15,XRP/USDT,long,1.3747,1.3745,,,706.700000,,-0.9185,,,stop_loss,0.0
39,2026-05-01 08:03:32,2026-05-01 08:14:48,XRP/USDT,long,1.3741,1.3766,,,706.800000,,1.1839,,,take_profit,11.3
40,2026-05-01 09:30:26,2026-05-01 09:30:26,XRP/USDT,long,1.3761,1.3758,,,678.100000,,-0.9499,,,stop_loss,0.0
41,2026-05-01 09:50:44,2026-05-01 11:05:08,XRP/USDT,short,1.3738,1.3764,,,48.300000,,-2.1541,,,stop_loss,74.4
42,2026-05-01 18:05:44,2026-05-01 19:19:11,ETH/USDT,short,2309.9100,2301.2000,,,0.092000,,3.2201,,,take_profit,73.5
43,2026-05-01 14:15:13,2026-05-01 20:21:28,XRP/USDT,short,1.3965,1.3877,,,691.000000,,5.5030,,,take_profit,366.2
44,2026-05-01 20:57:24,2026-05-01 20:57:25,ETH/USDT,long,2285.4100,2284.0700,,,0.156000,,-0.4949,,,stop_loss,0.0
45,2026-05-01 21:18:32,2026-05-02 01:34:14,ETH/USDT,long,2287.0900,2298.3800,,,0.422000,,4.1843,,,take_profit,255.7
46,2026-05-03 21:12:15,2026-05-03 21:12:15,ETH/USDT,long,2332.6700,2331.4900,,,0.414000,,-1.2609,,,stop_loss,0.0
47,2026-05-03 22:27:58,2026-05-03 23:42:24,XRP/USDT,short,1.3978,1.3885,,,664.200000,,5.6212,,,take_profit,74.4
48,2026-05-03 23:39:13,2026-05-03 23:45:09,ETH/USDT,long,2326.8000,2323.6800,,,0.399000,,-1.9871,,,stop_loss,5.9
49,2026-05-04 00:29:15,2026-05-04 00:29:15,ETH/USDT,long,2314.1400,2313.1800,,,0.418000,,-0.4095,,,stop_loss,0.0
50,2026-05-04 01:39:57,2026-05-04 01:39:57,XRP/USDT,long,1.3919,1.3916,,,35.000000,,-0.0515,,,stop_loss,0.0
51,2026-05-04 01:40:32,2026-05-04 01:40:33,BNB/USDT,short,619.3200,619.6300,,,1.550000,,-1.2486,,,stop_loss,0.0
52,2026-05-04 01:41:08,2026-05-04 01:41:08,XRP/USDT,short,1.3930,1.3932,,,3.600000,,-0.5955,,,stop_loss,0.0
53,2026-05-04 02:17:39,2026-05-04 02:17:40,XRP/USDT,short,1.4022,1.4027,,,33.200000,,-0.0442,,,stop_loss,0.0
54,2026-05-04 03:00:34,2026-05-04 03:00:34,BNB/USDT,short,624.9700,625.2600,,,1.540000,,-1.2167,,,stop_loss,0.0
55,2026-05-04 03:05:32,2026-05-04 03:05:32,XRP/USDT,short,1.4102,1.4107,,,33.200000,,-0.0521,,,stop_loss,0.0
56,2026-05-04 03:05:18,2026-05-04 03:13:13,ETH/USDT,short,2376.0800,2383.6400,,,0.405000,,-3.8329,,,stop_loss,7.9
57,2026-05-04 04:27:15,2026-05-04 04:27:15,XRP/USDT,short,1.4167,1.4170,,,652.300000,,-0.9351,,,stop_loss,0.0
58,2026-05-04 04:23:14,2026-05-04 04:31:41,BNB/USDT,short,635.8600,637.3700,,,1.510000,,-3.0491,,,stop_loss,8.5
59,2026-05-04 04:32:24,2026-05-04 04:32:24,ETH/USDT,short,2390.6900,2391.6300,,,0.402000,,-1.1469,,,stop_loss,0.0
60,2026-05-04 06:35:42,2026-05-04 06:35:42,ETH/USDT,long,2362.7000,2361.6900,,,0.088000,,-0.4455,,,stop_loss,0.0
61,2026-05-04 13:38:29,2026-05-04 13:38:29,XRP/USDT,short,1.3955,1.3956,,,686.800000,,-0.8355,,,stop_loss,0.0
62,2026-05-04 13:48:56,2026-05-04 14:22:26,ETH/USDT,short,2338.9000,2343.2600,,,0.409000,,-2.5492,,,stop_loss,33.5
63,2026-05-05 15:07:07,2026-05-05 15:12:42,XRP/USDT,short,1.4133,1.4144,,,4.100000,,-1.1996,,,stop_loss,5.6
64,2026-05-05 15:12:59,2026-05-05 15:38:45,BNB/USDT,short,632.0900,632.5900,,,0.010000,,-1.1517,,,stop_loss,25.8
65,2026-05-06 03:06:59,2026-05-06 03:25:17,XRP/USDT,short,1.4187,1.4208,,,675.300000,,-0.3843,,,stop_loss,18.3
66,2026-05-10 17:35:27,2026-05-10 17:37:22,AVAX/USDT,long,10.3340,10.3190,10.3199,10.3620,85.356245,1.3700,-1.2803,-93.45,-1.07,stop_loss,1.9
67,2026-05-10 17:35:12,2026-05-10 17:44:15,1000PEPE/USDT,long,0.0045,0.0045,0.0045,0.0046,204681.525432,5.8100,-6.0995,-104.98,-0.95,stop_loss,9.1
68,2026-05-10 17:35:12,2026-05-10 17:44:24,1000PEPE/USDT,long,0.0045,0.0044,0.0045,0.0046,204681.525432,5.8100,-8.9446,-153.95,-1.40,software_sl,9.2
69,2026-05-10 17:37:32,2026-05-10 17:44:41,XRP/USDT,short,1.4899,1.4947,1.4945,1.4819,590.812480,1.1200,-2.8359,-253.21,-1.04,stop_loss,7.1
70,2026-05-10 17:37:32,2026-05-10 17:44:41,XRP/USDT,short,1.4899,1.4947,1.4945,1.4819,590.812480,1.1200,-2.8359,-253.21,-1.04,software_sl,7.1
71,2026-05-10 17:47:02,2026-05-10 17:49:38,SUI/USDT,short,1.3253,1.3073,1.3476,1.3073,634.087365,11.5500,11.4136,98.82,0.81,take_profit_structure,2.6
72,2026-05-10 17:46:59,2026-05-10 17:49:56,SUI/USDT,short,1.3253,1.3084,1.3476,1.3073,634.087365,11.5500,10.7161,92.78,0.76,software_tp,2.9
73,2026-05-10 17:46:19,2026-05-10 17:55:20,ADA/USDT,long,0.2857,0.2870,0.2850,0.2870,3210.206473,1.3100,4.1733,318.57,1.98,take_profit_structure,9.0
74,2026-05-10 17:46:18,2026-05-10 17:55:28,ADA/USDT,long,0.2857,0.2870,0.2850,0.2870,3210.206473,1.3100,4.1733,318.57,1.98,take_profit_structure,9.2
75,2026-05-10 17:55:32,2026-05-10 17:58:46,AVAX/USDT,short,10.3400,10.3510,10.3501,10.2980,82.884200,0.8800,-0.9117,-103.60,-1.09,software_sl,3.2
76,2026-05-10 17:55:40,2026-05-10 17:58:47,AVAX/USDT,short,10.3402,10.3510,10.3501,10.2980,79.601375,0.8400,-0.8597,-102.35,-1.09,software_sl,3.1
77,2026-05-10 17:58:58,2026-05-10 18:02:35,SUI/USDT,short,1.3186,1.3340,1.3343,1.3073,645.107264,4.3700,-9.9221,-227.05,-0.98,stop_loss,3.6
78,2026-05-10 17:58:58,2026-05-10 18:02:38,SUI/USDT,short,1.3186,1.3344,1.3343,1.3073,645.107264,4.3700,-10.1806,-232.97,-1.01,software_sl,3.7
79,2026-05-10 17:33:42,2026-05-10 18:06:07,DOGE/USDT,long,0.1107,0.1111,0.1103,0.1111,8654.230126,3.0900,3.1155,100.83,0.81,take_profit_structure,32.4
80,2026-05-10 17:33:42,2026-05-10 18:06:12,DOGE/USDT,long,0.1107,0.1111,0.1103,0.1111,8654.230126,3.0900,3.2886,106.43,0.86,software_tp,32.5
81,2026-05-10 18:03:14,2026-05-10 18:14:47,SOL/USDT,short,96.2100,96.5400,96.4693,95.7700,8.840022,1.2300,-2.9172,-237.17,-1.27,software_sl,11.5
82,2026-05-10 18:07:01,2026-05-10 18:16:21,XRP/USDT,long,1.5012,1.4979,1.4998,1.5038,525.743367,0.8700,-1.7350,-199.43,-2.36,software_sl,9.3
83,2026-05-10 17:50:07,2026-05-10 18:16:47,1000PEPE/USDT,long,0.0045,0.0045,0.0045,0.0045,182697.399458,1.4700,7.4358,505.84,4.68,software_tp,26.7
84,2026-05-10 18:15:24,2026-05-10 18:17:43,SUI/USDT,short,1.3262,1.3185,1.3384,1.3185,618.992534,3.7900,4.7662,125.76,0.63,take_profit_structure,2.3
85,2026-05-10 18:16:59,2026-05-10 18:18:27,1000PEPE/USDT,long,0.0045,0.0045,0.0045,0.0046,205173.011456,1.2300,-2.7904,-226.86,-0.77,stop_loss,1.5
86,2026-05-10 18:18:20,2026-05-10 18:20:45,SUI/USDT,short,1.3166,1.3241,1.3236,1.3069,722.442584,1.5300,-5.4037,-353.18,-1.08,stop_loss,2.4
87,2026-05-10 18:26:29,2026-05-10 18:31:30,SUI/USDT,long,1.3336,1.3369,1.3244,1.3381,689.776711,2.7300,2.2763,83.38,0.36,take_profit_structure,5.0
88,2026-05-10 18:26:29,2026-05-10 18:31:39,SUI/USDT,long,1.3336,1.3381,1.3244,1.3381,689.776711,2.7300,3.1040,113.70,0.49,take_profit_structure,5.2
89,2026-05-10 18:26:01,2026-05-10 18:36:48,XRP/USDT,short,1.5006,1.4958,1.5040,1.4958,635.608730,1.3700,3.0509,222.69,1.41,take_profit_structure,10.8
90,2026-05-10 18:26:01,2026-05-10 18:36:52,XRP/USDT,short,1.5006,1.4954,1.5040,1.4958,635.608730,1.3700,3.3052,241.26,1.53,take_profit_structure,10.9
91,2026-05-10 18:38:48,2026-05-10 18:41:25,DOGE/USDT,long,0.1111,0.1113,0.1109,0.1113,7929.760266,2.4800,2.0617,83.13,1.23,take_profit_structure,2.6
92,2026-05-10 18:36:18,2026-05-10 18:41:41,AVAX/USDT,short,10.3790,10.4110,10.4111,10.3430,84.544387,1.8200,-2.7054,-148.65,-1.00,stop_loss,5.4
93,2026-05-10 18:29:21,2026-05-10 18:42:01,ADA/USDT,long,0.2872,0.2878,0.2866,0.2878,3055.428532,0.9400,1.8333,195.03,1.08,take_profit_structure,12.7
94,2026-05-10 18:29:21,2026-05-10 18:42:09,ADA/USDT,long,0.2872,0.2880,0.2866,0.2878,3055.428532,0.9400,2.4443,260.03,1.44,take_profit_structure,12.8
95,2026-05-10 18:44:46,2026-05-10 18:45:33,DOGE/USDT,long,0.1112,0.1112,0.1111,0.1113,7884.884386,1.2400,0.0000,0.00,,stop_loss,0.8
96,2026-05-10 18:47:39,2026-05-10 18:49:49,AVAX/USDT,short,10.3840,10.4160,10.4141,10.3430,84.171629,0.7200,-2.6935,-374.10,-1.06,stop_loss,2.2
97,2026-05-10 18:44:19,2026-05-10 18:59:26,SUI/USDT,short,1.3692,1.3807,1.3807,1.3371,694.089892,6.7900,-7.9820,-117.56,-1.00,software_sl,15.1
98,2026-05-10 18:44:23,2026-05-10 18:59:28,SUI/USDT,short,1.3692,1.3807,1.3807,1.3114,666.139318,6.2500,-7.6606,-122.57,-1.00,software_sl,15.1
99,2026-05-10 18:57:21,2026-05-10 19:01:43,SOL/USDT,short,96.3900,96.1100,96.5193,96.1100,8.710052,0.6000,2.4388,406.47,2.17,take_profit_structure,4.4
100,2026-05-10 19:01:08,2026-05-10 19:02:50,AVAX/USDT,short,10.3730,10.3420,10.4061,10.3420,81.365086,1.2700,2.5223,198.61,0.94,take_profit_structure,1.7
101,2026-05-10 18:47:42,2026-05-10 19:03:15,1000PEPE/USDT,short,0.0045,0.0045,0.0045,0.0045,193326.834297,2.9800,6.3798,214.09,1.15,software_tp,15.5
102,2026-05-10 19:04:02,2026-05-10 19:05:12,1000PEPE/USDT,short,0.0045,0.0045,0.0045,0.0045,204084.946008,1.6500,-1.5306,-92.76,-1.14,software_sl,1.2
103,2026-05-10 18:58:46,2026-05-10 19:05:17,1000PEPE/USDT,short,0.0045,0.0045,0.0045,0.0045,177690.968985,1.3900,6.3080,453.81,2.91,take_profit_structure,6.5
104,2026-05-10 19:04:56,2026-05-10 19:09:44,SUI/USDT,short,1.3674,1.3817,1.3807,1.3567,641.366368,6.0500,-9.1715,-151.60,-1.08,software_sl,4.8
105,2026-05-10 19:05:29,2026-05-10 19:09:49,SUI/USDT,short,1.3674,1.3817,1.3807,1.3114,666.352717,6.2800,-9.5288,-151.73,-1.08,software_sl,4.3
106,2026-05-10 19:06:29,2026-05-10 19:12:41,DOGE/USDT,short,0.1107,0.1112,0.1111,0.1104,7601.833338,3.2100,-3.7401,-116.51,-1.25,software_sl,6.2
107,2026-05-10 19:06:13,2026-05-10 19:23:03,LINK/USDT,long,10.7522,10.8090,10.7369,10.8090,81.549331,0.7100,4.6296,652.06,3.69,take_profit_structure,16.8
108,2026-05-10 19:06:13,2026-05-10 19:23:06,LINK/USDT,long,10.7522,10.8090,10.7369,10.8090,81.549331,0.7100,4.6296,652.06,3.69,software_tp,16.9
109,2026-05-10 19:09:55,2026-05-10 19:23:26,XRP/USDT,short,1.4793,1.4837,1.4827,1.4755,614.520949,2.8600,-2.7039,-94.54,-1.30,stop_loss,13.5
110,2026-05-10 19:09:55,2026-05-10 19:23:28,XRP/USDT,short,1.4793,1.4827,1.4827,1.4755,614.520949,2.8600,-2.0894,-73.06,-1.00,software_sl,13.5
111,2026-05-10 19:12:52,2026-05-10 19:25:38,SOL/USDT,long,96.2500,96.6800,95.7408,96.6800,9.091768,2.5800,3.9095,151.53,0.84,take_profit_structure,12.8
112,2026-05-10 19:12:52,2026-05-10 19:25:45,SOL/USDT,long,96.2500,96.7100,95.7408,96.6800,9.091768,2.5800,4.1822,162.10,0.90,take_profit_structure,12.9
113,2026-05-10 19:24:20,2026-05-10 19:27:32,1000PEPE/USDT,long,0.0045,0.0045,0.0045,0.0045,193534.485445,1.0100,-0.0194,-1.92,-0.01,stop_loss,3.2
114,2026-05-10 19:23:19,2026-05-10 19:32:29,SUI/USDT,short,1.3762,1.3918,1.3910,1.3651,659.202183,7.0100,-10.2836,-146.70,-1.06,stop_loss,9.2
115,2026-05-10 19:33:53,2026-05-10 19:35:14,1000PEPE/USDT,short,0.0045,0.0045,0.0045,0.0045,208625.712576,0.7400,-0.8554,-115.59,-1.05,stop_loss,1.4
116,2026-05-10 19:38:23,2026-05-10 19:39:33,SOL/USDT,long,96.5200,96.4200,96.4207,96.7600,9.762133,0.5800,-0.9762,-168.31,-1.01,stop_loss,1.2
117,2026-05-10 19:45:15,2026-05-10 19:47:23,SUI/USDT,short,1.3924,1.4062,1.4061,1.3810,646.072028,4.6400,-8.9158,-192.15,-1.01,stop_loss,2.1
118,2026-05-10 19:46:48,2026-05-10 19:51:31,ADA/USDT,long,0.2878,0.2872,0.2873,0.2884,3016.028323,0.9300,-1.8096,-194.58,-1.31,stop_loss,4.7
119,2026-05-10 19:42:06,2026-05-10 19:52:08,LINK/USDT,long,10.8350,10.8220,10.8228,10.8530,86.914819,0.8400,-1.1299,-134.51,-1.07,software_sl,10.0
120,2026-05-10 19:53:19,2026-05-10 19:55:33,SUI/USDT,short,1.3816,1.3890,1.3890,1.3762,677.965797,2.8300,-5.0169,-177.28,-1.00,stop_loss,2.2
121,2026-05-10 19:58:06,2026-05-10 19:58:41,SOL/USDT,short,96.4000,96.4200,96.4293,96.2400,8.963996,0.7100,-0.1793,-25.25,-0.68,stop_loss,0.6
122,2026-05-10 19:58:52,2026-05-10 20:00:45,DOGE/USDT,short,0.1109,0.1111,0.1111,0.1107,7785.844263,1.3000,-1.4015,-107.81,-1.47,software_sl,1.9
123,2026-05-10 19:57:11,2026-05-10 20:01:27,XRP/USDT,short,1.4836,1.4874,1.4874,1.4793,605.845790,1.4800,-2.3022,-155.55,-1.00,software_sl,4.3
124,2026-05-10 19:56:43,2026-05-10 20:06:39,ADA/USDT,short,0.2867,0.2874,0.2874,0.2859,3270.028751,2.4800,-2.2890,-92.30,-1.06,stop_loss,9.9
125,2026-05-10 20:01:52,2026-05-10 20:08:59,AVAX/USDT,short,10.4340,10.4430,10.4431,10.4100,82.843493,1.3700,-0.7456,-54.42,-0.99,stop_loss,7.1
126,2026-05-10 20:06:52,2026-05-10 20:10:07,SUI/USDT,short,1.3758,1.3835,1.3829,1.3651,629.097828,3.4100,-4.8420,-141.99,-1.09,stop_loss,3.3
127,2026-05-10 20:01:09,2026-05-10 20:13:06,1000PEPE/USDT,long,0.0045,0.0045,0.0045,0.0045,192274.126786,1.1200,-2.7880,-248.93,-1.20,stop_loss,11.9
128,2026-05-10 20:15:16,2026-05-10 20:16:24,SUI/USDT,short,1.3738,1.3692,1.3782,1.3692,678.423812,1.7500,3.1207,178.33,1.05,take_profit_structure,1.1
129,2026-05-10 20:18:21,2026-05-10 20:25:30,SUI/USDT,long,1.3769,1.3666,1.3668,1.3851,679.388977,5.1500,-6.9977,-135.88,-1.02,stop_loss,7.1
130,2026-05-10 20:21:23,2026-05-10 20:27:58,DOGE/USDT,long,0.1105,0.1102,0.1103,0.1109,7785.721125,0.9900,-2.0243,-204.47,-1.12,software_sl,6.6
131,2026-05-10 20:21:07,2026-05-10 20:31:22,LINK/USDT,short,10.7720,10.7320,10.7792,10.7320,83.232940,1.8000,3.3293,184.96,5.59,take_profit_structure,10.2
132,2026-05-10 20:28:22,2026-05-10 20:31:26,SOL/USDT,short,95.8200,95.5900,95.9392,95.5900,8.983047,1.6500,2.0661,125.22,1.93,take_profit_structure,3.1
133,2026-05-10 20:27:00,2026-05-10 20:32:18,1000PEPE/USDT,short,0.0044,0.0044,0.0044,0.0044,193831.585122,1.3900,2.5586,184.07,1.38,take_profit_structure,5.3
134,2026-05-10 20:35:14,2026-05-10 20:37:37,1000PEPE/USDT,short,0.0044,0.0044,0.0044,0.0044,209611.823113,1.4500,-2.5782,-177.81,-1.10,software_sl,2.4
135,2026-05-10 20:39:03,2026-05-10 20:44:45,SOL/USDT,short,95.4201,95.1800,95.6591,95.1800,9.368510,0.9300,2.2494,241.87,1.00,take_profit_structure,5.7
136,2026-05-10 20:36:43,2026-05-10 20:45:25,SUI/USDT,short,1.3460,1.3382,1.3540,1.3382,659.742404,6.5800,5.1460,78.21,0.98,take_profit_structure,8.7
137,2026-05-11 02:56:39,2026-05-11 03:01:37,ETH/USDT,long,2344.7200,2341.7800,2341.8015,2349.9400,0.397888,0.7500,-1.1698,-155.97,-1.01,stop_loss,5.0
138,2026-05-11 03:02:01,2026-05-11 03:13:08,1000PEPE/USDT,long,0.0043,0.0043,0.0043,0.0043,207437.818926,3.1400,-3.7546,-119.57,-1.06,software_sl,11.1
139,2026-05-11 02:57:01,2026-05-11 03:14:27,SUI/USDT,long,1.3079,1.2985,1.2987,1.3155,684.191696,5.8200,-6.4314,-110.51,-1.03,stop_loss,17.4
140,2026-05-11 03:39:12,2026-05-11 03:41:10,1000PEPE/USDT,short,0.0043,0.0043,0.0043,0.0043,217175.581875,0.7400,-1.2596,-170.22,-1.10,stop_loss,2.0
141,2026-05-11 03:39:30,2026-05-11 03:41:27,ADA/USDT,short,0.2748,0.2751,0.2751,0.2744,3243.375991,0.9900,-0.9730,-98.28,-1.18,stop_loss,1.9
142,2026-05-11 03:39:27,2026-05-11 03:41:55,DOGE/USDT,long,0.1087,0.1090,0.1085,0.1090,8204.746834,0.7500,2.7076,361.01,1.64,software_tp,2.5
143,2026-05-11 03:42:19,2026-05-11 04:10:53,BNB/USDT,long,652.1900,651.0000,651.0098,654.2000,1.321256,0.7700,-1.5723,-204.19,-1.01,stop_loss,28.6
144,2026-05-11 03:41:37,2026-05-11 04:23:24,XRP/USDT,long,1.4447,1.4495,1.4420,1.4495,595.410361,0.6200,2.8580,460.97,1.79,take_profit_structure,41.8
145,2026-05-11 04:11:04,2026-05-11 04:24:56,LINK/USDT,short,10.4640,10.4850,10.4841,10.4340,78.852042,0.7200,-1.6559,-229.99,-1.04,stop_loss,13.9
146,2026-05-11 03:42:22,2026-05-11 04:29:37,DOGE/USDT,long,0.1091,0.1095,0.1087,0.1095,7907.449615,1.3200,3.4002,257.59,1.19,take_profit_structure,47.3
147,2026-05-11 04:42:24,2026-05-11 05:17:50,DOGE/USDT,short,0.1095,0.1097,0.1097,0.1090,7848.376648,1.0400,-1.8836,-181.12,-1.03,stop_loss,35.4
148,2026-05-11 03:39:59,2026-05-11 05:17:52,DOGE/USDT,long,0.1087,0.1097,0.1085,0.1100,7545.553242,0.7700,7.3946,960.34,4.86,take_profit_structure,97.9
149,2026-05-11 04:38:15,2026-05-11 06:08:43,XRP/USDT,short,1.4511,1.4561,1.4561,1.4461,616.522386,2.0000,-3.0826,-154.13,-1.00,stop_loss,90.5
150,2026-05-11 05:40:29,2026-05-11 06:09:20,SOL/USDT,short,95.6500,95.8400,95.8392,95.3800,9.334844,1.6700,-1.7736,-106.20,-1.00,software_sl,28.9
